field,needed_for,available_now,evidence_source,current_status,minimum_unblock_action
source_doi,"Identify the Srivastava source for reported context and future reproduction payload","10.1063/1.5096042 is present in all four local rows; Crossref confirms Srivastava et al. 2019 JAP 126 125702","current/A/artifacts/C2_Srivastava_baseline_rows.csv; paper-search-mcp Crossref DOI lookup 2026-06-04","PASS_FOR_CONTEXT","None for context use; keep DOI attached to any future exact-witness payload."
source_row_id,"Tie each reported OI_norm value to a stable row before any same-row reproduction attempt","Four local row ids are present: Srivastava2019_TableII_Fig4_a_IGZO_1114; Srivastava2019_TableII_Fig4_a_IGZO_2217; Srivastava2019_TableII_Fig4_a_ZnON_21; Srivastava2019_TableII_Fig4_a_ZnON_11","current/A/artifacts/C2_Srivastava_baseline_rows.csv","PARTIAL_CONTEXT_ONLY","Recover official table/SI row labels or page/table witnesses and map each local source_row_id to the official source row."
sample_id,"Join reported values to future structure and validation rows","a-IGZO-1114; a-IGZO-2217; a-ZnON-21; a-ZnON-11 are present","current/A/artifacts/C2_Srivastava_baseline_rows.csv","PARTIAL_CONTEXT_ONLY","Map each sample_id to an exact atomistic structure_id and official provenance."
material_formula,"Describe reported sample chemistry for context baseline","a-IGZO and ZnON formulas are present in four rows","current/A/artifacts/C2_Srivastava_baseline_rows.csv","PASS_FOR_CONTEXT","No unblock needed for context; for exact reproduction verify formula against official table/SI."
composition_vector,"Check stoichiometry consistency for same-sample mapping","Composition JSON strings are present for all four rows","current/A/artifacts/C2_Srivastava_baseline_rows.csv","PASS_FOR_CONTEXT_PARTIAL_FOR_REPRODUCTION","Verify composition against the exact structure file and atom count."
phase_state,"Separate amorphous Srivastava rows from crystalline or unrelated rows","amorphous is present for all four rows","current/A/artifacts/C2_Srivastava_baseline_rows.csv","PASS_FOR_CONTEXT","No unblock needed for context."
join_level,"Prevent reported context rows from being misused as reproduced exact O_s","All four rows are labeled reported_table_and_text","current/A/artifacts/C2_Srivastava_baseline_rows.csv; inspector_A_C2T_S2_round1.md","BLOCKS_EXACT_REPRODUCTION","Upgrade only after attaching row-level exact witness payload; until then keep join_level reported_table_and_text."
structure_id,"Required to prove the same atomistic structure generated OI_raw_sum and OI_norm","Blank in all four rows","current/A/artifacts/C2_Srivastava_baseline_rows.csv; inspector_A_C2T_S2_round1.md","BLOCK","Obtain Srivastava structure files or exact coordinates and assign stable structure_id per row."
num_atoms,"Required to check structure identity, composition, and pair counts","Blank in all four rows","current/A/artifacts/C2_Srivastava_baseline_rows.csv; inspector_A_C2T_S2_round1.md","BLOCK","Extract atom count from official structure/SI and verify against composition_vector."
cell_volume_m3,"Needed for reported OI normalization context and future reproduction checks","Present for all four rows: 1.14819645e-27; 1.15270734e-27; 1.0817498e-27; 1.5069619e-27 m3","current/A/artifacts/C2_Srivastava_baseline_rows.csv","PARTIAL_CONTEXT_ONLY","Verify volumes against the exact structure cell and unit convention before exact reproduction."
OI_norm,"Reported orbital-overlap value; not sufficient for reproduced exact O_s","Present for all four rows: 0.02966; 0.02669; 0.06231; 0.06693","current/A/artifacts/C2_Srivastava_baseline_rows.csv; C2T_S2_round1.json","REPORTED_CONTEXT_ONLY","Keep as reported_context_only unless OI_raw_sum, normalization, pair rule, and structure witness reproduce it."
OI_raw_sum,"Required core witness for reproduced exact O_s before normalization","Blank in all four rows; no public raw-sum witness found by Round 1 or Round 2 paper-search-mcp checks","current/A/artifacts/C2_Srivastava_baseline_rows.csv; C2T_S2_round1.json; paper-search-mcp 2026-06-04","BLOCK","Recover or recompute raw overlap sums from exact Srivastava structures with logged code and pair list."
OI_normalization_method,"Context description of how reported OI_norm was defined","Prose labels are present: sum_over_metal_cation_pairs_Number_of_Pairs_times_OI_per_A3_volume_reported_in_Table_II; single_Zn_Zn_pair_type_Number_of_Pairs_times_OI_per_A3_volume_reported_in_Table_II","current/A/artifacts/C2_Srivastava_baseline_rows.csv","PARTIAL_CONTEXT_ONLY","Convert prose method to executable normalization formula id with variables, units, and source citation."
OI_normalization_formula_id,"Executable formula reference required by witness executor","No executable formula id is present","C2T_S2_round1.json reproduction_fields_status; inspector_A_C2T_S2_round1.md warning carryover","BLOCK","Create a versioned formula id tied to Srivastava text/SI and validate it against OI_raw_sum and OI_norm."
OI_digitization_uncertainty,"Needed if OI_norm values are digitized rather than table-extracted","Blank in all four rows","current/A/artifacts/C2_Srivastava_baseline_rows.csv","WARN","Declare table-extracted exact transcription or provide digitization uncertainty and page/figure provenance."
pair_cutoff_A,"Needed for pair selection rule in exact overlap reproduction","Value 4 is present for all four rows, but without source-row-specific pair-count/provenance witness","current/A/artifacts/C2_Srivastava_baseline_rows.csv; inspector_A_C2T_S2_round1.md","PARTIAL_BLOCK","Attach official pair rule/cutoff citation, pair-list generation code, and row-specific pair count."
pair_overlap_kernel,"Needed to reproduce orbital overlap values from distances and orbital parameters","Mulliken_STO_overlap_integral_at_average_pair_distance is present as a method label","current/A/artifacts/C2_Srivastava_baseline_rows.csv","PARTIAL_BLOCK","Provide executable Mulliken/STO kernel formula, orbital parameters, units, and code used for each pair type."
q_i_q_j_weight_rule,"Needed to reproduce weighted pair contributions","Srivastava_SI_III_STO_pair_orbital_weights is present as a method label","current/A/artifacts/C2_Srivastava_baseline_rows.csv","PARTIAL_BLOCK","Recover SI section/table for STO weights and encode weights in machine-readable form."
pair_density,"Required by C2T witness requirements for reproduction gates or fixed-density alternatives","Absent from current rows","C2T_S2_round1.json reproduction_fields_status","BLOCK","Compute pair density from verified N_pair and cell volume, or declare a non-Srivastava comparison mode."
N_pair,"Required for fixed-pair or source-row pair-count reproduction checks","Absent from current rows","C2T_S2_round1.json reproduction_fields_status; inspector_A_C2T_S2_round1.md","BLOCK","Generate row-specific pair list under the exact pair rule and store N_pair with provenance."
N_pair_provenance_id,"Required to audit pair count and prevent hidden normalization drift","Absent from current rows","C2T_S2_round1.json reproduction_fields_status","BLOCK","Store a provenance id for pair-list generation code, inputs, and output hash."
OI_pair_mean,"Needed for fixed-pair alternative mode if exact Srivastava reproduction stays blocked","Absent from current rows","C2T_S2_round1.json reproduction_fields_status","BLOCK_FOR_FIXED_PAIR_MODE","Compute from verified OI_raw_sum and N_pair, or avoid fixed_pair claims."
same_structure_mapping,"Required to use Srivastava overlap baseline in same-sample residual validation","No structure_id or downloadable atomistic structure is linked to reported OI_norm rows","C2T_S2_round1.json; inspector_A_C2T_S2_round1.md; PI_C2T_S2_round1.md","BLOCK","Attach exact structure file/hash per row and prove all OI, m_eff, and future graph metrics come from that same structure."
m_eff_over_m0,"External context label for reported effective-mass relation","Present for all four rows: 0.21; 0.22; 0.16; 0.17","current/A/artifacts/C2_Srivastava_baseline_rows.csv","PASS_FOR_CONTEXT_ONLY","Do not use for residual validation until same-structure mapping and exact O_s reproduction are complete."
external_residual,"Required for graph-vs-overlap residual validation claims","Blank in all four rows","current/A/artifacts/C2_Srivastava_baseline_rows.csv; inspector_A_C2T_S2_round1.md","BLOCK_MATERIAL_VALIDATION","Compute only after exact baseline and same-sample external labels are provenance-complete."
lambda2_resid,"Required for LP29 graph residual comparison","Blank in all four rows","current/A/artifacts/C2_Srivastava_baseline_rows.csv","BLOCK_MATERIAL_VALIDATION","Populate only from a same-structure graph pipeline after exact O_s baseline is reproduced."
spectral_radius_resid,"Required for LP29 graph residual comparison","Blank in all four rows","current/A/artifacts/C2_Srivastava_baseline_rows.csv","BLOCK_MATERIAL_VALIDATION","Populate only from a same-structure graph pipeline after exact O_s baseline is reproduced."
attack_resid,"Required for high-betweenness damage residual comparison","Blank in all four rows","current/A/artifacts/C2_Srivastava_baseline_rows.csv","BLOCK_MATERIAL_VALIDATION","Populate only from a same-structure graph pipeline after exact O_s baseline is reproduced."
decisive_claim_allowed,"Gate preventing material validation or graph-beats-overlap claims","false for all four rows","current/A/artifacts/C2_Srivastava_baseline_rows.csv; inspector_A_C2T_S2_round1.md","PASS_AS_BLOCKER","Keep false until exact witness payload and residual validation artifact pass."
provenance,"Audit trail distinguishing reported context from graph/material validation","reported_from_Srivastava_TableII_and_text_Fig4_paragraph;not_graph_validation","current/A/artifacts/C2_Srivastava_baseline_rows.csv","PASS_FOR_CONTEXT","Extend with official PDF/SI page, structure file hash, formula id, code hash, and extraction log before reproduction claims."
blocked_fields,"Explicit local declaration of missing fields","Each row blocks structure_id; num_atoms; OI_raw_sum; external_residual; lambda2_resid; spectral_radius_resid; attack_resid","current/A/artifacts/C2_Srivastava_baseline_rows.csv","PASS_AS_BLOCKER","Resolve each listed field with provenance before changing decisive_claim_allowed."
official_pdf_access,"Needed to recover formula/SI/table provenance if available","Crossref gives official PDF URL, but prior A round reported AIP JavaScript/cookie challenge; Round 2 paper-search-mcp found no OA substitute","C2T_S2_round1.json; paper-search-mcp Crossref/Unpaywall/arXiv checks 2026-06-04","BLOCK_FOR_AUTOMATED_EXTRACTION","Use library/manual AIP access or author copy; archive extraction log and page-level evidence."
open_repository_payload,"Potential source of structures, code, SI, or raw sums","arXiv exact-title search returned empty; Unpaywall DOI lookup returned empty; Semantic Scholar aggregate returned empty in query set","paper-search-mcp search_arxiv/search_unpaywall/search_papers 2026-06-04","NOT_FOUND","Search author repositories or request structures/code from authors; do not infer exact reproduction from absence of OA payload."
wrong_fallback_pdf,"Prevent contamination by unrelated downloaded PDF","Round 1 identified core_38590358.pdf as Lee et al. 2015 DOI 10.1038/srep13467, not Srivastava 2019","C2T_S2_round1.json; inspector_A_C2T_S2_round1.md","EXCLUDED","Do not use core_38590358.pdf or DOI 10.1038/srep13467 as Srivastava evidence."
OI_comparison_mode,"Required declaration before any executor or residual comparison can interpret OI fields","No valid reproduction payload mode is present; current admissible mode is reported_context_only","C2T_S2_round1.json; PI_C2T_S2_round1.md","BLOCK_FOR_REPRODUCED_O_S","Declare srivastava_reproduction only after exact witnesses exist; otherwise route through reported_context_only or a newly declared fixed_density/fixed_pair baseline."
overall_reproduction_status,"Final gate for Srivastava exact O_s baseline use","Reported context rows exist, but exact O_s reproduction witnesses do not","current/A/C2T_S2_round1.json; synthesis/inspector_A_C2T_S2_round1.md; synthesis/PI_C2T_S2_round1.md; this blocker table","BLOCK_REPRODUCED_EXACT_O_S_BASELINE","Minimum unblock package: official row/page provenance, structure_id and coordinates/hash, num_atoms, pair rule/cutoff provenance, pair list and N_pair, OI_raw_sum, executable normalization formula id, reproduced OI_norm check, and same-structure mapping."
