mass_kg,gamma_thermal_1mK_s^-1,gamma_planck_energy_s^-1
1e-30,1.9437253457435825e-144,4.321003109134188e-05
1.1937766417144357e-30,2.770008180554794e-144,6.15787306921468e-05
1.4251026703029963e-30,3.9475460548697814e-144,8.775601354324749e-05
1.701254279852586e-30,5.625658423938985e-144,0.0001250613292356279
2.0309176209047306e-30,8.017140842167993e-144,0.00017822523424533549
2.424462017082321e-30,1.1425248822368818e-143,0.00025398925723840466
2.89426612471674e-30,1.6282152605633969e-143,0.00036196076871872516
3.4551072945922325e-30,2.3203739156570233e-143,0.0005158312580459889
4.124626382901365e-30,3.3067710633042443e-143,0.0007351125032670927
4.923882631706752e-30,4.712488272395557e-143,0.001047610791379054
5.878016072274924e-30,6.715779620762462e-143,0.0014929529362325245
7.017038286703836e-30,9.570675470715025e-143,0.00212761121606167
8.376776400682924e-30,1.363919516991937e-142,0.003032064425376091
1e-29,1.9437253457435828e-142,0.004321003109134187
1.1937766417144358e-29,2.7700081805547948e-142,0.00615787306921468
1.4251026703029962e-29,3.947546054869782e-142,0.008775601354324748
1.7012542798525858e-29,5.625658423938985e-142,0.012506132923562794
2.0309176209047306e-29,8.017140842167992e-142,0.01782252342453355
2.424462017082321e-29,1.1425248822368819e-141,0.025398925723840463
2.89426612471674e-29,1.6282152605633972e-141,0.03619607687187251
3.4551072945922326e-29,2.3203739156570238e-141,0.05158312580459889
4.1246263829013646e-29,3.3067710633042436e-141,0.07351125032670926
4.923882631706752e-29,4.712488272395557e-141,0.1047610791379054
5.878016072274924e-29,6.715779620762461e-141,0.14929529362325253
7.017038286703837e-29,9.570675470715028e-141,0.21276112160616706
8.376776400682924e-29,1.3639195169919372e-140,0.30320644253760914
1e-28,1.9437253457435827e-140,0.43210031091341883
1.1937766417144357e-28,2.770008180554794e-140,0.615787306921468
1.4251026703029963e-28,3.9475460548697827e-140,0.8775601354324749
1.7012542798525858e-28,5.625658423938984e-140,1.2506132923562792
2.0309176209047307e-28,8.017140842167993e-140,1.782252342453355
2.424462017082321e-28,1.1425248822368821e-139,2.5398925723840473
2.89426612471674e-28,1.6282152605633965e-139,3.619607687187251
3.4551072945922325e-28,2.3203739156570235e-139,5.158312580459889
4.124626382901365e-28,3.306771063304244e-139,7.351125032670927
4.923882631706752e-28,4.712488272395558e-139,10.47610791379054
5.878016072274924e-28,6.715779620762461e-139,14.92952936232525
7.017038286703837e-28,9.570675470715027e-139,21.276112160616698
8.376776400682924e-28,1.3639195169919372e-138,30.32064425376091
1e-27,1.9437253457435827e-138,43.21003109134188
1.1937766417144358e-27,2.770008180554794e-138,61.57873069214681
1.4251026703029964e-27,3.947546054869782e-138,87.75601354324748
1.7012542798525857e-27,5.625658423938984e-138,125.06132923562791
2.0309176209047306e-27,8.017140842167991e-138,178.22523424533549
2.4244620170823407e-27,1.1425248822369005e-137,253.9892572384088
2.89426612471674e-27,1.628215260563397e-137,361.96076871872515
3.455107294592232e-27,2.3203739156570235e-137,515.8312580459888
4.1246263829013645e-27,3.306771063304243e-137,735.1125032670925
4.923882631706752e-27,4.712488272395557e-137,1047.610791379054
5.878016072274924e-27,6.715779620762464e-137,1492.952936232525
7.017038286703836e-27,9.570675470715027e-137,2127.61121606167
8.376776400682925e-27,1.363919516991937e-136,3032.0644253760915
1e-26,1.943725345743582e-136,4321.003109134188
1.1937766417144358e-26,2.7700081805547946e-136,6157.873069214681
1.4251026703029964e-26,3.947546054869782e-136,8775.60135432475
1.7012542798525856e-26,5.625658423938984e-136,12506.132923562787
2.0309176209047306e-26,8.017140842167992e-136,17822.52342453355
2.4244620170823406e-26,1.1425248822369006e-135,25398.925723840875
2.89426612471674e-26,1.6282152605633967e-135,36196.07687187251
3.4551072945922326e-26,2.320373915657024e-135,51583.125804598894
4.1246263829013646e-26,3.3067710633042444e-135,73511.25032670927
4.923882631706752e-26,4.712488272395558e-135,104761.0791379054
5.878016072274924e-26,6.715779620762463e-135,149295.2936232525
7.017038286703837e-26,9.570675470715028e-135,212761.12160616703
8.376776400682924e-26,1.3639195169919372e-134,303206.44253760914
1e-25,1.9437253457435825e-134,432100.31091341877
1.1937766417144358e-25,2.7700081805547953e-134,615787.3069214681
1.4251026703029962e-25,3.9475460548697817e-134,877560.1354324748
1.7012542798525858e-25,5.625658423938984e-134,1250613.292356279
2.0309176209047307e-25,8.017140842167993e-134,1782252.342453355
2.4244620170823405e-25,1.1425248822369005e-133,2539892.5723840874
2.89426612471674e-25,1.6282152605633967e-133,3619607.6871872507
3.4551072945922323e-25,2.3203739156570236e-133,5158312.580459888
4.124626382901365e-25,3.306771063304244e-133,7351125.032670927
4.923882631706752e-25,4.7124882723955565e-133,10476107.913790539
5.8780160722749235e-25,6.715779620762462e-133,14929529.362325247
7.017038286703837e-25,9.570675470715027e-133,21276112.160616707
8.376776400682924e-25,1.3639195169919371e-132,30320644.253760908
1e-24,1.9437253457435822e-132,43210031.091341875
1.1937766417144357e-24,2.7700081805547945e-132,61578730.6921468
1.4251026703029963e-24,3.9475460548697824e-132,87756013.54324748
1.7012542798525857e-24,5.625658423938984e-132,125061329.23562793
2.0309176209047308e-24,8.017140842167993e-132,178225234.24533555
2.4244620170823407e-24,1.1425248822369005e-131,253989257.2384088
2.89426612471674e-24,1.6282152605633968e-131,361960768.71872514
3.455107294592232e-24,2.320373915657023e-131,515831258.0459888
4.124626382901365e-24,3.3067710633042443e-131,735112503.2670927
4.923882631706752e-24,4.712488272395556e-131,1047610791.3790538
5.878016072274924e-24,6.715779620762461e-131,1492952936.2325246
7.017038286703837e-24,9.57067547071503e-131,2127611216.0616705
8.376776400682924e-24,1.363919516991937e-130,3032064425.3760915
1e-23,1.9437253457435827e-130,4321003109.134188
1.1937766417144357e-23,2.770008180554794e-130,6157873069.214679
1.4251026703029964e-23,3.947546054869782e-130,8775601354.32475
1.7012542798525857e-23,5.625658423938985e-130,12506132923.562792
2.0309176209047305e-23,8.017140842167993e-130,17822523424.533546
2.4244620170823406e-23,1.1425248822369002e-129,25398925723.840878
2.89426612471674e-23,1.628215260563397e-129,36196076871.87252
3.455107294592232e-23,2.3203739156570236e-129,51583125804.59887
4.1246263829013647e-23,3.306771063304244e-129,73511250326.70926
4.923882631706752e-23,4.7124882723955555e-129,104761079137.90536
5.878016072274924e-23,6.71577962076246e-129,149295293623.2525
7.017038286703837e-23,9.570675470715026e-129,212761121606.167
8.376776400682925e-23,1.3639195169919376e-128,303206442537.6092
1e-22,1.9437253457435832e-128,432100310913.4188
1.1937766417144359e-22,2.7700081805547947e-128,615787306921.4683
1.4251026703029962e-22,3.947546054869781e-128,877560135432.4747
1.7012542798525995e-22,5.625658423939075e-128,1250613292356.2993
2.0309176209047307e-22,8.017140842167993e-128,1782252342453.355
2.424462017082341e-22,1.1425248822369003e-127,2539892572384.0884
2.89426612471674e-22,1.628215260563397e-127,3619607687187.2505
3.455107294592232e-22,2.3203739156570227e-127,5158312580459.888
4.124626382901365e-22,3.306771063304244e-127,7351125032670.927
4.923882631706752e-22,4.7124882723955554e-127,10476107913790.537
5.878016072274924e-22,6.7157796207624595e-127,14929529362325.248
7.017038286703837e-22,9.570675470715029e-127,21276112160616.7
8.376776400682924e-22,1.3639195169919371e-126,30320644253760.914
1e-21,1.943725345743582e-126,43210031091341.87
1.1937766417144357e-21,2.7700081805547942e-126,61578730692146.81
1.4251026703029963e-21,3.947546054869781e-126,87756013543247.48
1.7012542798525997e-21,5.625658423939077e-126,125061329235629.94
2.0309176209047305e-21,8.01714084216799e-126,178225234245335.53
2.4244620170823406e-21,1.1425248822369004e-125,253989257238408.78
2.89426612471674e-21,1.6282152605633964e-125,361960768718725.0
3.4551072945922324e-21,2.3203739156570238e-125,515831258045988.94
4.124626382901365e-21,3.3067710633042435e-125,735112503267092.6
4.923882631706752e-21,4.712488272395558e-125,1047610791379054.0
5.878016072274924e-21,6.71577962076246e-125,1492952936232524.5
7.017038286703836e-21,9.570675470715025e-125,2127611216061670.0
8.376776400682924e-21,1.3639195169919372e-124,3032064425376091.0
1e-20,1.943725345743582e-124,4321003109134187.0
1.1937766417144357e-20,2.7700081805547943e-124,6157873069214679.0
1.4251026703029964e-20,3.947546054869782e-124,8775601354324750.0
1.7012542798525995e-20,5.625658423939077e-124,1.2506132923562992e+16
2.0309176209047307e-20,8.017140842167994e-124,1.7822523424533552e+16
2.4244620170823406e-20,1.1425248822369002e-123,2.539892572384087e+16
2.89426612471674e-20,1.628215260563397e-123,3.619607687187251e+16
3.4551072945922324e-20,2.320373915657023e-123,5.158312580459889e+16
4.124626382901365e-20,3.306771063304243e-123,7.351125032670925e+16
4.9238826317067515e-20,4.712488272395556e-123,1.0476107913790539e+17
5.878016072274924e-20,6.71577962076246e-123,1.4929529362325248e+17
7.017038286703837e-20,9.570675470715028e-123,2.1276112160616704e+17
8.376776400682925e-20,1.3639195169919373e-122,3.032064425376092e+17
1e-19,1.9437253457435825e-122,4.3210031091341875e+17
1.1937766417144358e-19,2.7700081805547943e-122,6.15787306921468e+17
1.4251026703029964e-19,3.947546054869782e-122,8.775601354324751e+17
1.7012542798525997e-19,5.625658423939077e-122,1.2506132923562995e+18
2.0309176209047306e-19,8.017140842167993e-122,1.7822523424533553e+18
2.424462017082341e-19,1.1425248822369004e-121,2.539892572384088e+18
2.89426612471674e-19,1.628215260563396e-121,3.6196076871872497e+18
3.4551072945922323e-19,2.3203739156570235e-121,5.158312580459889e+18
4.1246263829013647e-19,3.3067710633042437e-121,7.351125032670928e+18
4.923882631706751e-19,4.712488272395554e-121,1.0476107913790536e+19
5.878016072274924e-19,6.715779620762464e-121,1.4929529362325246e+19
7.017038286703837e-19,9.570675470715029e-121,2.1276112160616698e+19
8.376776400682925e-19,1.3639195169919374e-120,3.0320644253760913e+19
1e-18,1.9437253457435822e-120,4.3210031091341885e+19
1.1937766417144455e-18,2.7700081805548396e-120,6.1578730692147814e+19
1.4251026703029963e-18,3.947546054869782e-120,8.77560135432475e+19
1.7012542798525995e-18,5.625658423939076e-120,1.2506132923562993e+20
2.0309176209047305e-18,8.01714084216799e-120,1.7822523424533545e+20
2.424462017082341e-18,1.1425248822369007e-119,2.5398925723840886e+20
2.89426612471674e-18,1.628215260563397e-119,3.619607687187251e+20
3.4551072945922325e-18,2.3203739156570236e-119,5.158312580459889e+20
4.1246263829013645e-18,3.306771063304243e-119,7.351125032670925e+20
4.923882631706752e-18,4.712488272395557e-119,1.0476107913790538e+21
5.8780160722749236e-18,6.715779620762461e-119,1.4929529362325247e+21
7.017038286703837e-18,9.570675470715029e-119,2.1276112160616704e+21
8.376776400682925e-18,1.3639195169919373e-118,3.0320644253760917e+21
1e-17,1.9437253457435829e-118,4.3210031091341884e+21
1.1937766417144455e-17,2.7700081805548394e-118,6.157873069214782e+21
1.4251026703029962e-17,3.947546054869781e-118,8.775601354324748e+21
1.7012542798525997e-17,5.625658423939077e-118,1.2506132923562995e+22
2.0309176209047307e-17,8.017140842167993e-118,1.782252342453355e+22
2.4244620170823408e-17,1.1425248822369005e-117,2.5398925723840882e+22
2.89426612471674e-17,1.6282152605633968e-117,3.6196076871872514e+22
3.4551072945922325e-17,2.3203739156570235e-117,5.158312580459889e+22
4.1246263829013645e-17,3.306771063304243e-117,7.351125032670925e+22
4.923882631706752e-17,4.712488272395556e-117,1.0476107913790538e+23
5.878016072274925e-17,6.715779620762464e-117,1.4929529362325251e+23
7.017038286703836e-17,9.570675470715023e-117,2.1276112160616694e+23
8.376776400682925e-17,1.363919516991937e-116,3.032064425376091e+23
1e-16,1.9437253457435826e-116,4.321003109134187e+23
1.1937766417144406e-16,2.7700081805548177e-116,6.15787306921473e+23
1.425102670303002e-16,3.9475460548698136e-116,8.775601354324821e+23
1.7012542798525926e-16,5.62565842393903e-116,1.250613292356289e+24
2.030917620904739e-16,8.017140842168059e-116,1.7822523424533702e+24
2.424462017082331e-16,1.1425248822368915e-115,2.5398925723840676e+24
2.894266124716752e-16,1.62821526056341e-115,3.619607687187281e+24
3.4551072945922326e-16,2.3203739156570247e-115,5.15831258045989e+24
4.1246263829013646e-16,3.3067710633042436e-115,7.351125032670927e+24
4.923882631706752e-16,4.712488272395557e-115,1.0476107913790539e+25
5.878016072274924e-16,6.7157796207624575e-115,1.4929529362325247e+25
7.017038286703837e-16,9.57067547071503e-115,2.12761121606167e+25
8.376776400682924e-16,1.3639195169919372e-114,3.0320644253760913e+25
1e-15,1.9437253457435825e-114,4.3210031091341894e+25
1.1937766417144407e-15,2.7700081805548176e-114,6.157873069214731e+25
1.4251026703030022e-15,3.9475460548698145e-114,8.775601354324819e+25
1.7012542798525927e-15,5.625658423939031e-114,1.2506132923562892e+26
2.030917620904739e-15,8.017140842168056e-114,1.7822523424533694e+26
2.424462017082331e-15,1.1425248822368911e-113,2.539892572384068e+26
2.894266124716752e-15,1.6282152605634103e-113,3.619607687187281e+26
3.4551072945922322e-15,2.3203739156570232e-113,5.158312580459887e+26
4.124626382901365e-15,3.3067710633042443e-113,7.351125032670927e+26
4.923882631706752e-15,4.712488272395558e-113,1.0476107913790541e+27
5.878016072274924e-15,6.715779620762463e-113,1.4929529362325254e+27
7.017038286703837e-15,9.570675470715025e-113,2.1276112160616697e+27
8.376776400682924e-15,1.3639195169919371e-112,3.0320644253760905e+27
1e-14,1.9437253457435826e-112,4.3210031091341874e+27
1.1937766417144357e-14,2.7700081805547945e-112,6.157873069214679e+27
1.4251026703029962e-14,3.9475460548697814e-112,8.775601354324745e+27
1.7012542798525857e-14,5.625658423938985e-112,1.2506132923562791e+28
2.0309176209047472e-14,8.017140842168121e-112,1.7822523424533842e+28
2.4244620170823406e-14,1.1425248822369004e-111,2.5398925723840884e+28
2.8942661247167636e-14,1.628215260563423e-111,3.6196076871873097e+28
3.455107294592232e-14,2.3203739156570233e-111,5.158312580459887e+28
4.1246263829013646e-14,3.3067710633042432e-111,7.351125032670926e+28
4.923882631706752e-14,4.712488272395556e-111,1.0476107913790538e+29
5.878016072274924e-14,6.71577962076246e-111,1.4929529362325247e+29
7.017038286703837e-14,9.570675470715027e-111,2.1276112160616702e+29
8.376776400682924e-14,1.363919516991937e-110,3.0320644253760916e+29
1e-13,1.943725345743583e-110,4.3210031091341884e+29
1.1937766417144357e-13,2.770008180554794e-110,6.157873069214679e+29
1.4251026703029963e-13,3.9475460548697826e-110,8.77560135432475e+29
1.7012542798525996e-13,5.625658423939076e-110,1.2506132923562993e+30
2.0309176209047472e-13,8.017140842168123e-110,1.7822523424533843e+30
2.4244620170823406e-13,1.1425248822369004e-109,2.539892572384088e+30
2.8942661247167636e-13,1.628215260563423e-109,3.61960768718731e+30
3.455107294592232e-13,2.3203739156570235e-109,5.158312580459888e+30
4.1246263829013646e-13,3.3067710633042435e-109,7.351125032670924e+30
4.923882631706751e-13,4.712488272395556e-109,1.0476107913790538e+31
5.878016072274924e-13,6.715779620762463e-109,1.4929529362325251e+31
7.017038286703837e-13,9.570675470715026e-109,2.12761121606167e+31
8.376776400682925e-13,1.3639195169919374e-108,3.0320644253760915e+31
1e-12,1.9437253457435824e-108,4.3210031091341875e+31
1.1937766417144358e-12,2.770008180554795e-108,6.157873069214682e+31
1.4251026703029962e-12,3.947546054869781e-108,8.775601354324748e+31
1.7012542798525996e-12,5.6256584239390776e-108,1.2506132923562997e+32
2.0309176209047474e-12,8.017140842168124e-108,1.7822523424533845e+32
2.4244620170823406e-12,1.1425248822369003e-107,2.5398925723840877e+32
2.8942661247167635e-12,1.6282152605634226e-107,3.61960768718731e+32
3.4551072945922323e-12,2.320373915657024e-107,5.1583125804598885e+32
4.124626382901365e-12,3.306771063304244e-107,7.351125032670927e+32
4.923882631706752e-12,4.7124882723955566e-107,1.0476107913790539e+33
5.878016072274924e-12,6.715779620762462e-107,1.4929529362325246e+33
7.017038286703837e-12,9.570675470715024e-107,2.1276112160616702e+33
8.376776400682925e-12,1.363919516991937e-106,3.032064425376091e+33
1e-11,1.943725345743582e-106,4.321003109134187e+33
1.1937766417144358e-11,2.7700081805547945e-106,6.157873069214682e+33
1.4251026703029963e-11,3.9475460548697814e-106,8.77560135432475e+33
1.7012542798525995e-11,5.625658423939075e-106,1.2506132923562993e+34
2.0309176209047474e-11,8.017140842168124e-106,1.7822523424533843e+34
2.4244620170823407e-11,1.1425248822369005e-105,2.539892572384089e+34
2.8942661247167636e-11,1.6282152605634237e-105,3.6196076871873103e+34
3.455107294592232e-11,2.320373915657023e-105,5.158312580459889e+34
4.1246263829013646e-11,3.3067710633042424e-105,7.351125032670925e+34
4.9238826317067515e-11,4.7124882723955564e-105,1.0476107913790537e+35
5.878016072274923e-11,6.7157796207624594e-105,1.4929529362325245e+35
7.017038286703836e-11,9.570675470715027e-105,2.1276112160616695e+35
8.376776400682924e-11,1.3639195169919371e-104,3.0320644253760916e+35
1e-10,1.9437253457435827e-104,4.3210031091341885e+35
1.1937766417144357e-10,2.7700081805547945e-104,6.1578730692146805e+35
1.4251026703029964e-10,3.9475460548697816e-104,8.775601354324748e+35
1.7012542798525996e-10,5.625658423939075e-104,1.2506132923562994e+36
2.0309176209047473e-10,8.017140842168124e-104,1.7822523424533844e+36
2.4244620170823405e-10,1.1425248822369007e-103,2.5398925723840878e+36
2.8942661247167636e-10,1.6282152605634237e-103,3.6196076871873097e+36
3.4551072945922325e-10,2.320373915657024e-103,5.1583125804598896e+36
4.1246263829013647e-10,3.306771063304244e-103,7.351125032670927e+36
4.923882631706752e-10,4.712488272395556e-103,1.047610791379054e+37
5.878016072274924e-10,6.715779620762462e-103,1.492952936232525e+37
7.017038286703836e-10,9.570675470715027e-103,2.1276112160616696e+37
8.376776400682924e-10,1.3639195169919367e-102,3.032064425376091e+37
1e-09,1.943725345743583e-102,4.321003109134189e+37
1.1937766417144357e-09,2.7700081805547936e-102,6.15787306921468e+37
1.4251026703029963e-09,3.9475460548697825e-102,8.775601354324749e+37
1.7012542798525997e-09,5.625658423939076e-102,1.2506132923562993e+38
2.0309176209047474e-09,8.017140842168124e-102,1.7822523424533845e+38
2.424462017082341e-09,1.1425248822369008e-101,2.539892572384088e+38
2.8942661247167636e-09,1.628215260563423e-101,3.61960768718731e+38
3.4551072945922323e-09,2.3203739156570235e-101,5.1583125804598884e+38
4.124626382901365e-09,3.3067710633042444e-101,7.351125032670928e+38
4.923882631706752e-09,4.712488272395556e-101,1.0476107913790537e+39
5.878016072274924e-09,6.715779620762462e-101,1.4929529362325246e+39
7.017038286703837e-09,9.570675470715028e-101,2.1276112160616705e+39
8.376776400682925e-09,1.363919516991937e-100,3.032064425376092e+39
1e-08,1.9437253457435825e-100,4.321003109134188e+39
1.1937766417144358e-08,2.770008180554795e-100,6.157873069214682e+39
1.4251026703029963e-08,3.9475460548697817e-100,8.77560135432475e+39
1.7012542798525995e-08,5.625658423939075e-100,1.2506132923562996e+40
2.0309176209047473e-08,8.017140842168123e-100,1.7822523424533845e+40
2.4244620170823405e-08,1.1425248822369004e-99,2.5398925723840876e+40
2.8942661247167636e-08,1.6282152605634233e-99,3.6196076871873104e+40
3.455107294592232e-08,2.3203739156570227e-99,5.158312580459888e+40
4.124626382901365e-08,3.3067710633042434e-99,7.351125032670927e+40
4.923882631706752e-08,4.712488272395558e-99,1.0476107913790536e+41
5.878016072274924e-08,6.7157796207624615e-99,1.4929529362325246e+41
7.017038286703836e-08,9.570675470715028e-99,2.12761121606167e+41
8.376776400682925e-08,1.3639195169919368e-98,3.0320644253760916e+41
1e-07,1.9437253457435823e-98,4.321003109134187e+41
