N,D,topology,trial,M,steps,rho_D_final,mm_ratio,mm_se,mm_dimension,dist_to_gamma4,eta,alignment_mean,alignment_se
1000,2,random_regular,0,951,51,0.951,0.41969781455127997,0.005249083440539038,2,0.21869781455127996,1.0,0.11921283150583624,0.010437565605569219
1000,2,random_regular,1,964,51,0.964,0.41954373939686596,0.005261993033258277,2,0.21854373939686594,1.0,0.19128195310378698,0.00986436414282049
1000,2,random_regular,2,955,52,0.955,0.4175577526267457,0.005328514567215129,2,0.2165577526267457,1.0,0.22929130631008385,0.010176327187305842
1000,2,random_regular,3,950,62,0.95,0.4211672413419209,0.0052187145497378925,2,0.2201672413419209,1.0,0.4094522486935275,0.008917472081211367
1000,2,random_regular,4,951,52,0.951,0.4207723237829766,0.005228878134971988,2,0.21977232378297656,1.0,0.0897025193456666,0.010770116247698767
1000,2,random_regular,0,963,28,0.963,0.35323162285659704,0.006640391034278508,3,0.15223162285659703,1.0,0.5641448199788884,0.008220999862712393
1000,2,random_regular,1,958,34,0.958,0.35888814415998244,0.0065251940774924844,3,0.15788814415998242,1.0,0.6549267990111626,0.007647526093477789
1000,2,random_regular,2,964,34,0.964,0.3489658413042266,0.006700738633835122,3,0.14796584130422658,1.0,0.18491280446766126,0.011042865382258902
1000,2,random_regular,3,953,32,0.953,0.3477725351808995,0.006727891487426154,3,0.1467725351808995,1.0,0.15807233191653103,0.012510437995025018
1000,2,random_regular,4,959,30,0.959,0.35710437221996344,0.006584173684301281,3,0.15610437221996343,1.0,0.3530219864814702,0.009551803709284013
1000,2,random_regular,0,958,48,0.958,0.4228106288640642,0.005191507192383541,2,0.22181062886406416,1.0,0.08181639630911759,0.010520063926743838
1000,2,random_regular,1,957,52,0.957,0.4204932666164478,0.005242419783109253,2,0.2194932666164478,1.0,0.056881392413571756,0.010270580447778498
1000,2,random_regular,2,957,52,0.957,0.4203574867592301,0.0052471600440823765,2,0.2193574867592301,1.0,0.06832727339570177,0.011418554784452068
1000,2,random_regular,3,952,47,0.952,0.423085744024431,0.005177888606631095,2,0.222085744024431,1.0,0.2278635424641704,0.009465958047868123
1000,2,random_regular,4,955,51,0.955,0.4211656325604485,0.005225823820696831,2,0.22016563256044847,1.0,-0.02130454014428935,0.011466203408560563
1000,2,random_regular,0,955,27,0.955,0.34764756048698486,0.006725145271796799,3,0.14664756048698485,1.0,0.1675140272267215,0.010771283561886103
1000,2,random_regular,1,952,26,0.952,0.3640705436329744,0.006464138950320505,3,0.1630705436329744,1.0,0.02712422535244764,0.011441968299667243
1000,2,random_regular,2,955,27,0.955,0.35214962711065473,0.0066767279613621135,3,0.15114962711065472,1.0,0.04076455178658815,0.010387410356074947
1000,2,random_regular,3,963,28,0.963,0.34110105395704043,0.006788437520932024,3,0.14010105395704042,1.0,0.1459589975669332,0.009823354398021624
1000,2,random_regular,4,956,27,0.956,0.34331769207112534,0.006746826291725563,3,0.14231769207112532,1.0,0.44392602121662983,0.008592447095073933
1000,2,small_world,0,958,70,0.958,0.4136430575154868,0.005395890142669043,2,0.2126430575154868,1.0,0.03313511547132083,0.010762768526309065
1000,2,small_world,1,955,72,0.955,0.42026746888046823,0.005225332077434041,2,0.21926746888046822,1.0,0.012613391155870013,0.010582234439564516
1000,2,small_world,2,952,73,0.952,0.4179799242547744,0.005280368245284054,2,0.21697992425477441,1.0,0.08329130747217742,0.010034213038816435
1000,2,small_world,3,956,78,0.956,0.42258730828568064,0.005156646673126542,2,0.22158730828568063,1.0,0.013944719022689244,0.010886766600880827
1000,2,small_world,4,954,68,0.954,0.41875765549493105,0.005254660361630123,2,0.21775765549493104,1.0,0.06915412785621483,0.010068062370783518
1000,2,small_world,0,953,47,0.953,0.35986270679609195,0.006464549520874368,3,0.15886270679609193,1.0,0.14067508740060664,0.0110076211233256
1000,2,small_world,1,956,42,0.956,0.34990320688476284,0.006595877939401293,3,0.14890320688476283,1.0,0.056181622738105216,0.010522132966067662
1000,2,small_world,2,957,41,0.957,0.36058427855732683,0.006449623373882392,3,0.15958427855732682,1.0,0.05279193538819535,0.010107518726199066
1000,2,small_world,3,958,42,0.958,0.36186254212181324,0.006435252584273409,3,0.16086254212181322,1.0,0.3472843943557394,0.008721455692336882
1000,2,small_world,4,950,38,0.95,0.3414005519416519,0.006708982271797971,3,0.1404005519416519,1.0,0.13573135592086527,0.010150737460684853
1000,2,small_world,0,950,66,0.95,0.41514033654982696,0.005352727502118685,2,0.21414033654982695,1.0,0.005122834233897723,0.01019944173952303
1000,2,small_world,1,951,65,0.951,0.41898298488690955,0.005254588842636916,2,0.21798298488690954,1.0,0.005703783864198024,0.010070644358040563
1000,2,small_world,2,954,68,0.954,0.418270251846371,0.005273346982271608,2,0.217270251846371,1.0,0.0194214293879875,0.010076654154303293
1000,2,small_world,3,954,61,0.954,0.40777724023007045,0.00554486687340404,2,0.20677724023007044,1.0,0.026054155366459407,0.010103559852774044
1000,2,small_world,4,952,58,0.952,0.413323290124378,0.005397704030986286,2,0.212323290124378,1.0,0.17413218036990483,0.010112389965238399
1000,2,small_world,0,956,39,0.956,0.3550061727644255,0.006533551073922107,3,0.15400617276442546,1.0,0.008381015921219022,0.011596461655309401
1000,2,small_world,1,957,39,0.957,0.3487901744554766,0.006629806592526938,3,0.1477901744554766,1.0,0.03396236631589822,0.011478803158411504
1000,2,small_world,2,961,36,0.961,0.3386549155922583,0.006732076146498153,3,0.1376549155922583,1.0,0.03614474594661762,0.010561339361162894
1000,2,small_world,3,961,38,0.961,0.3408618557586247,0.0067200423617883465,3,0.1398618557586247,1.0,0.17355706379570573,0.010668007550357485
1000,2,small_world,4,950,41,0.95,0.3397540437522526,0.006718470344608169,3,0.1387540437522526,1.0,0.003558272272965586,0.010123867661548939
1000,3,random_regular,0,960,56,0.96,0.42200725990723686,0.005178375457507628,2,0.22100725990723685,1.183176136645585,0.597737741043083,0.007833440708714997
1000,3,random_regular,1,956,53,0.956,0.4179149938326843,0.005310927121526088,2,0.2169149938326843,1.1829587436954194,0.1065361596914689,0.008214997404573397
1000,3,random_regular,2,951,47,0.951,0.4134043079884119,0.005431837978581584,2,0.21240430798841187,1.3745009817697391,0.19964684626069903,0.008482224473068851
1000,3,random_regular,3,951,51,0.951,0.4219624679852176,0.005215358011946467,2,0.22096246798521757,1.2914672151071431,0.3371655119007301,0.007938457608258691
1000,3,random_regular,4,959,50,0.959,0.42515389846011276,0.005109312148802812,2,0.22415389846011274,1.2922280612949026,0.3858249487633686,0.007527132581505965
1000,3,random_regular,0,955,30,0.955,0.3567234662285335,0.006581042478538302,3,0.1557234662285335,1.3971342186528788,0.5165820861249442,0.006682239097340669
1000,3,random_regular,1,965,31,0.965,0.3534009621556522,0.006636733140680307,3,0.1524009621556522,1.3665296611918554,0.274999924909746,0.010134414577655057
1000,3,random_regular,2,957,29,0.957,0.3369306767383438,0.006815484715038034,3,0.1359306767383438,0.8660527382878396,0.33731390654323556,0.008213576248086328
1000,3,random_regular,3,960,33,0.96,0.35431869608259087,0.006613160311371955,3,0.15331869608259086,1.4130676767866661,0.11724507482245013,0.010357208608580647
1000,3,random_regular,4,960,35,0.96,0.3437435795253277,0.006753268818985823,3,0.14274357952532768,1.2581978736473902,0.1960687593865552,0.010574939125363444
1000,3,random_regular,0,955,52,0.955,0.4222059509615883,0.005193650153200734,2,0.2212059509615883,0.8340531831085699,0.08314031440947897,0.008461456574753397
1000,3,random_regular,1,956,51,0.956,0.42110953085247066,0.005215522135833743,2,0.22010953085247065,0.8838509179713515,0.09436690546366647,0.008538664351500452
1000,3,random_regular,2,954,49,0.954,0.4164873178799504,0.005344165166244796,2,0.2154873178799504,1.4133683973166924,0.014641983764101371,0.008862282425894302
1000,3,random_regular,3,956,48,0.956,0.4216471709204154,0.005220816827793462,2,0.22064717092041541,1.2613891935427264,0.11039765171416871,0.008739336045349256
1000,3,random_regular,4,950,50,0.95,0.41921954825104896,0.00527751492855475,2,0.21821954825104894,1.4141241240567908,0.12940607632856457,0.008346307879453351
1000,3,random_regular,0,965,29,0.965,0.358526389742689,0.00655104850901874,3,0.157526389742689,1.4015065605948565,0.18063163528604387,0.008280383822790694
1000,3,random_regular,1,957,27,0.957,0.3517985349643862,0.006650774107172962,3,0.15079853496438617,1.4130460835451686,0.13759005155515755,0.00955244823185015
1000,3,random_regular,2,950,26,0.95,0.35422990810359234,0.0066065976875894,3,0.15322990810359233,1.122826336362943,0.2655608726907947,0.007635662668560384
1000,3,random_regular,3,953,26,0.953,0.3387893552796891,0.006811650199482795,3,0.1377893552796891,1.4128594605701348,0.07640066317506086,0.00974441401305803
1000,3,random_regular,4,959,24,0.959,0.34562943255922074,0.006733501105960553,3,0.14462943255922073,0.9109563330056488,0.10449321151434131,0.008293771531474047
1000,3,small_world,0,954,68,0.954,0.4153106283734829,0.00535283682118767,2,0.21431062837348291,1.4140481935426097,0.06600621530734826,0.009442293214663175
1000,3,small_world,1,951,71,0.951,0.4231260327474839,0.005140710598356998,2,0.22212603274748388,0.8855957336887916,0.08091935707232321,0.008958295888491724
1000,3,small_world,2,953,72,0.953,0.41540020738908406,0.005334757397419462,2,0.21440020738908405,0.9741988696236612,0.0901439523888779,0.008633716678005394
1000,3,small_world,3,956,70,0.956,0.4207517456531656,0.005206490625987072,2,0.21975174565316558,1.2235021112136142,0.10374270692219191,0.00874882452677373
1000,3,small_world,4,952,68,0.952,0.4212118350915443,0.005195633185694582,2,0.2202118350915443,1.2808213362473557,0.05840465749315133,0.009206923047323748
1000,3,small_world,0,955,45,0.955,0.3638939371143249,0.006394199494565794,3,0.16289393711432487,1.4111076065528063,0.16734964145940953,0.008294309398230027
1000,3,small_world,1,953,44,0.953,0.35202605806225956,0.006583761166433934,3,0.15102605806225955,1.199736126007454,0.02778127432723929,0.008758184606405262
1000,3,small_world,2,953,42,0.953,0.3518088760977564,0.006572896051991862,3,0.1508088760977564,0.7924136904569086,0.06909017357242574,0.008791129334694467
1000,3,small_world,3,963,48,0.963,0.3460651353983396,0.006641196243798636,3,0.1450651353983396,1.3813696874838122,0.17807108191849766,0.009897687110308685
1000,3,small_world,4,959,44,0.959,0.36149076999934704,0.006449336967164334,3,0.16049076999934703,0.9631947210202166,0.026845521473308116,0.009341381070893917
1000,3,small_world,0,953,78,0.953,0.41884575026232945,0.00525608272997168,2,0.21784575026232944,1.0690449676496974,0.007634159430745489,0.00837131902240529
1000,3,small_world,1,951,68,0.951,0.4139492251504772,0.005384867666577958,2,0.2129492251504772,1.0190493307301363,0.008034576001474041,0.008431057533663137
1000,3,small_world,2,950,67,0.95,0.4223415791621035,0.0051611947498128394,2,0.2213415791621035,1.3309627686398777,0.04191736399784741,0.008295968408343688
1000,3,small_world,3,952,69,0.952,0.41955475117074953,0.005234133794302223,2,0.21855475117074952,1.244258832758621,0.12998527647475613,0.00891098017478389
1000,3,small_world,4,955,65,0.955,0.416043373066318,0.005330382181156215,2,0.215043373066318,1.3599564820888492,0.02091418607744142,0.008551676290776584
1000,3,small_world,0,956,35,0.956,0.35269446299975055,0.006576440446958431,3,0.15169446299975053,1.0249587524545956,0.06857169178199256,0.008174999108601214
1000,3,small_world,1,950,37,0.95,0.3506521882270313,0.00660418014140675,3,0.1496521882270313,0.7970811413304553,0.03341521551614735,0.0084614510193043
1000,3,small_world,2,962,41,0.962,0.35235457566159684,0.006569961540861716,3,0.15135457566159682,1.404611734534256,0.03284898468779476,0.009405898518689195
1000,3,small_world,3,957,38,0.957,0.34814267765253903,0.006617874928320858,3,0.14714267765253902,1.2968676328088464,0.09911983173391167,0.009547787236126839
1000,3,small_world,4,956,40,0.956,0.3587923475643548,0.006470919260164975,3,0.15779234756435478,1.3213567675980291,0.030300504508273197,0.0085453755587283
1000,4,random_regular,0,956,57,0.956,0.4204549475606556,0.005241276396270413,2,0.2194549475606556,1.0787283516972113,0.2537896179128766,0.008283317412173908
1000,4,random_regular,1,960,56,0.96,0.42738939003436427,0.005046153536978086,2,0.22638939003436426,1.6060303525049289,0.2878412983186839,0.006888081785479559
1000,4,random_regular,2,951,52,0.951,0.42027292685827156,0.005252073020161594,2,0.21927292685827154,1.7029704589432964,0.09084971995896739,0.009462430830712406
1000,4,random_regular,3,958,51,0.958,0.4198048322573252,0.005259831568479684,2,0.21880483225732517,1.3718897907346586,0.20417874679091672,0.007160911490634648
1000,4,random_regular,4,957,55,0.957,0.42749188978236285,0.005039493356929156,2,0.22649188978236284,1.1607724412605633,0.08164766853134502,0.007717555540765027
1000,4,random_regular,0,968,28,0.968,0.3511346517495483,0.006660175477899201,3,0.15013465174954826,1.6416171845251515,0.12505113809406027,0.008102381042136854
1000,4,random_regular,1,957,30,0.957,0.35713171667097454,0.006563568719924045,3,0.15613171667097453,1.4126336579585468,0.333996642725738,0.00966777034603128
1000,4,random_regular,2,962,36,0.962,0.35953692672244136,0.006535315075258665,3,0.15853692672244135,1.7295402146115595,0.19255996834128877,0.008809011515485356
1000,4,random_regular,3,956,31,0.956,0.3536643138835417,0.006607902801114388,3,0.15266431388354168,1.0901086887529543,0.12614257164289888,0.008989593084760873
1000,4,random_regular,4,958,28,0.958,0.3478168343380067,0.00668881702353054,3,0.14681683433800669,1.0389252765712658,0.3315610871276127,0.008714099771918135
1000,4,random_regular,0,950,48,0.95,0.4152474956765752,0.005382532521124092,2,0.2142474956765752,0.9838463557610796,0.06752450141294628,0.007900271932375443
1000,4,random_regular,1,951,51,0.951,0.4210570894511532,0.0052083182359048685,2,0.2200570894511532,1.2143151631173787,0.12257054972558146,0.0076801152519253004
1000,4,random_regular,2,952,49,0.952,0.4203174150386527,0.005246009902431261,2,0.2193174150386527,1.2953282467302756,0.04186104542457705,0.007838436229527066
1000,4,random_regular,3,951,55,0.951,0.4205990594948222,0.005232475225885074,2,0.21959905949482217,1.604543817032646,0.21097200414934414,0.007010870489011431
1000,4,random_regular,4,957,48,0.957,0.4178064851124043,0.005303935313156549,2,0.2168064851124043,1.244072563189378,0.09056015588404677,0.007491615880312954
1000,4,random_regular,0,960,26,0.96,0.34120099603005816,0.00678511113275325,3,0.14020099603005814,1.541669012336038,0.11466175869604915,0.008155497410211682
1000,4,random_regular,1,951,31,0.951,0.3456675485906177,0.006725137728292988,3,0.1446675485906177,1.6847443585965012,0.18239902808172556,0.0073778276421130875
1000,4,random_regular,2,963,28,0.963,0.34967917025506895,0.006692379252961843,3,0.14867917025506894,1.54268545158073,0.10780555672843091,0.008202847232781347
1000,4,random_regular,3,956,26,0.956,0.34949687494757736,0.006658549734141659,3,0.14849687494757735,1.2816057683956552,0.193997334226661,0.0073173075934576575
1000,4,random_regular,4,952,24,0.952,0.34386059701599303,0.006756153579884052,3,0.14286059701599302,0.6450003650752462,0.04603197828759255,0.007763838367356534
1000,4,small_world,0,954,70,0.954,0.41094174227583596,0.005466647813290203,2,0.20994174227583595,1.7227113554029616,0.04557665864309297,0.007896989060253871
1000,4,small_world,1,953,73,0.953,0.42078249138060264,0.005204564252310712,2,0.21978249138060263,1.66355805933206,0.024530091469921744,0.008039799722798096
1000,4,small_world,2,954,82,0.954,0.42188839291636554,0.005175191351524654,2,0.22088839291636553,1.4923783620471183,0.16113190115755502,0.007768073397272811
1000,4,small_world,3,953,79,0.953,0.4247474771239705,0.005092474512117838,2,0.22374747712397047,0.9931293150049185,0.09496421408832878,0.008061207229281575
1000,4,small_world,4,953,64,0.953,0.4177634660320914,0.005293049276950933,2,0.2167634660320914,1.1228461990412013,0.0451235880037746,0.007908137962839469
1000,4,small_world,0,961,45,0.961,0.361660116086039,0.006430865419076516,3,0.16066011608603897,1.6274915000986188,0.06246115333598536,0.0077346755680392865
1000,4,small_world,1,957,45,0.957,0.3560116894838828,0.006530171343049227,3,0.15501168948388278,1.4267978051287271,0.1706083437182265,0.00794273591720027
1000,4,small_world,2,960,45,0.96,0.3659816318438836,0.0063649583502514,3,0.1649816318438836,1.4971208109960723,0.13869951283427553,0.007780683339737836
1000,4,small_world,3,954,47,0.954,0.3661311823129481,0.0063541170729419566,3,0.1651311823129481,1.119579509259911,0.37657336529474467,0.00667632801739761
1000,4,small_world,4,957,39,0.957,0.3567992500056319,0.006503861683874013,3,0.15579925000563188,1.4835386684299945,0.37337181431304917,0.006967323260973557
1000,4,small_world,0,951,62,0.951,0.4061952150651353,0.0055890606831562675,2,0.20519521506513527,1.0954041617133279,0.0490891953616967,0.007351066295329299
1000,4,small_world,1,951,69,0.951,0.4139988876326203,0.0053852777456212374,2,0.21299888763262032,1.6763363234337978,0.11511345350531217,0.007085990955573365
1000,4,small_world,2,950,61,0.95,0.41288459879206213,0.00541905296116219,2,0.21188459879206212,1.6959483555091128,0.047992070515508134,0.007365870696262385
1000,4,small_world,3,954,68,0.954,0.416366377977111,0.005331369139407028,2,0.215366377977111,1.3795012589717344,0.02995844238687584,0.00794460138654513
1000,4,small_world,4,955,65,0.955,0.41590684933267225,0.00533822834682685,2,0.21490684933267223,1.4562081522752781,0.05665429235511482,0.0073492773287804295
1000,4,small_world,0,960,36,0.96,0.34721420549519433,0.006654187052917057,3,0.14621420549519432,1.7132075350710325,0.08529057974631082,0.007435170522616201
1000,4,small_world,1,954,37,0.954,0.336103701783171,0.006769473439784653,3,0.135103701783171,1.4071211826726273,-0.0045548874859601815,0.007406500479257494
1000,4,small_world,2,961,39,0.961,0.36193579552635996,0.006442232244633203,3,0.16093579552635995,1.701928184828549,0.12278805583045542,0.006960500581957209
1000,4,small_world,3,950,40,0.95,0.36241412109417703,0.006431193440826168,3,0.16141412109417702,1.3281004057008603,0.024430867339208198,0.0075699420127455135
1000,4,small_world,4,954,41,0.954,0.3539763923069912,0.006537772471964518,3,0.15297639230699117,1.3269652280631012,0.025398333569750544,0.0074909985266131745
5000,2,random_regular,0,4751,120,0.9502,0.4466057619274985,0.0019692325745916833,2,0.2456057619274985,1.0,0.029833174255184634,0.011032212866178235
5000,2,random_regular,1,4754,143,0.9508,0.4458218671105667,0.001982488098718517,2,0.2448218671105667,1.0,0.01588319472700135,0.010252512440560416
5000,2,random_regular,2,4751,130,0.9502,0.44319076491933357,0.0020234877064892083,2,0.24219076491933356,1.0,0.08328185775733032,0.010498260078738096
5000,2,random_regular,3,4751,114,0.9502,0.44910798980540206,0.0019270759446305629,2,0.24810798980540205,1.0,0.010716530368610531,0.010139163957841521
5000,2,random_regular,4,4750,122,0.95,0.4427586607091047,0.0020331744730913096,2,0.24175866070910468,1.0,0.027931585620612317,0.010242174209498517
5000,2,random_regular,0,4782,32,0.9564,0.32993268491667854,0.003082790342893921,3,0.12893268491667853,1.0,0.2988560683252059,0.009223910762981326
5000,2,random_regular,1,4770,34,0.954,0.3323163195208654,0.0030745435590034845,3,0.13131631952086537,1.0,0.05176650437902283,0.01065368491090988
5000,2,random_regular,2,4779,31,0.9558,0.33062613440694283,0.0030786181330119907,3,0.12962613440694282,1.0,0.11331524836283006,0.009976848089201578
5000,2,random_regular,3,4764,34,0.9528,0.33507243569335066,0.0030554940077152488,3,0.13407243569335064,1.0,0.05179359891639729,0.010339835401414501
5000,2,random_regular,4,4768,32,0.9536,0.3372827227004455,0.0030475717075208048,3,0.1362827227004455,1.0,0.27985907378845853,0.01038044239035713
5000,2,random_regular,0,4752,118,0.9504,0.44481281981281984,0.0019992040213742245,2,0.24381281981281983,1.0,0.03608323509660845,0.010042755203003012
5000,2,random_regular,1,4750,139,0.95,0.44152001098726595,0.0020506696159418034,2,0.24052001098726594,1.0,0.026716006339206587,0.010169371778653902
5000,2,random_regular,2,4753,119,0.9506,0.44296670070989275,0.0020287877268848164,2,0.24196670070989273,1.0,0.03643944685777325,0.010062753828236312
5000,2,random_regular,3,4752,121,0.9504,0.4437327813553304,0.0020162566359067345,2,0.24273278135533038,1.0,0.031933163711201265,0.010013633296283568
5000,2,random_regular,4,4752,131,0.9504,0.44597318024570665,0.0019798863164992796,2,0.24497318024570663,1.0,0.03225715560063075,0.010069986653779868
5000,2,random_regular,0,4783,30,0.9566,0.33026987463883617,0.0030857507602584234,3,0.12926987463883616,1.0,0.05382769659067499,0.010073448487302168
5000,2,random_regular,1,4756,27,0.9512,0.3265363655291819,0.003099340958033161,3,0.1255363655291819,1.0,0.024324841528118687,0.010090676622812246
5000,2,random_regular,2,4798,29,0.9596,0.3287480511182041,0.0030925449401396354,3,0.1277480511182041,1.0,0.10147913912408514,0.010165881992668971
5000,2,random_regular,3,4783,29,0.9566,0.32899446904435425,0.003086758253891489,3,0.12799446904435424,1.0,0.02062734042353707,0.009945331623616849
5000,2,random_regular,4,4786,30,0.9572,0.3353523169375284,0.003057858701057256,3,0.13435231693752842,1.0,-0.008833641627582947,0.010309771269119368
5000,2,small_world,0,4750,189,0.95,0.4376580341314651,0.002099381362998431,2,0.23665803413146508,1.0,0.0030151871032964898,0.010103246580652588
5000,2,small_world,1,4750,196,0.95,0.44189109694887546,0.0020367126129230235,2,0.24089109694887545,1.0,0.05134727247573958,0.010020738714106862
5000,2,small_world,2,4751,196,0.9502,0.443264003167561,0.002015262619651909,2,0.24226400316756097,1.0,0.020171446794379735,0.010079973293028045
5000,2,small_world,3,4750,172,0.95,0.4419080799993186,0.0020368654847318208,2,0.24090807999931857,1.0,0.011931578008577217,0.009951647266369788
5000,2,small_world,4,4752,165,0.9504,0.4381951255305653,0.0020934489737939703,2,0.23719512553056527,1.0,0.004050431089900639,0.010230292774111466
5000,2,small_world,0,4770,48,0.954,0.33358020321195936,0.0030289224513474614,3,0.13258020321195935,1.0,0.11062571812002323,0.00993331320513723
5000,2,small_world,1,4759,49,0.9518,0.33551432766079564,0.0030149335772419817,3,0.13451432766079563,1.0,0.07817069092255981,0.010069379340665284
5000,2,small_world,2,4762,50,0.9524,0.3379826903708921,0.0030024565769213598,3,0.1369826903708921,1.0,0.03423819695750583,0.010040590621175682
5000,2,small_world,3,4758,51,0.9516,0.33903478239588425,0.002999810629553739,3,0.13803478239588424,1.0,0.020176829028062587,0.010094515127933888
5000,2,small_world,4,4760,49,0.952,0.332279111099233,0.0030340584116679507,3,0.13127911109923301,1.0,-0.007895766631710717,0.010304480561970695
5000,2,small_world,0,4750,154,0.95,0.43677313827691167,0.002113055023280658,2,0.23577313827691165,1.0,0.016459439983948998,0.010009782306099066
5000,2,small_world,1,4750,169,0.95,0.43508007263055604,0.0021376143750403125,2,0.23408007263055602,1.0,0.026019046449577952,0.009977694074271
5000,2,small_world,2,4750,150,0.95,0.43716268968468747,0.0021070374840508072,2,0.23616268968468745,1.0,0.02649643258015576,0.010186658530377646
5000,2,small_world,3,4750,192,0.95,0.43853150391774026,0.002088323698476643,2,0.23753150391774025,1.0,-0.009005529811449399,0.010042977650922848
5000,2,small_world,4,4752,171,0.9504,0.435428162216662,0.00213332453038413,2,0.23442816221666196,1.0,0.016912109045221297,0.01004339941685459
5000,2,small_world,0,4759,42,0.9518,0.31657598156195915,0.0031007047073322302,3,0.11557598156195914,1.0,0.03527135228813098,0.010085549085549506
5000,2,small_world,1,4781,41,0.9562,0.3258479530666278,0.003063740710265254,3,0.12484795306662777,1.0,0.0901890109914181,0.00997290774886037
5000,2,small_world,2,4764,42,0.9528,0.3235963717801281,0.0030713609364721945,3,0.12259637178012811,1.0,0.027768783723416096,0.010116395812691617
5000,2,small_world,3,4769,45,0.9538,0.32560727388680744,0.003063205186810008,3,0.12460727388680742,1.0,0.008915726333093482,0.009977870320815676
5000,2,small_world,4,4767,42,0.9534,0.31399072628854197,0.003111262671660092,3,0.11299072628854195,1.0,0.01729923273528776,0.010039128651242969
5000,3,random_regular,0,4752,117,0.9504,0.4457300177367949,0.0019830372037746135,2,0.24473001773679487,1.1252277111388007,-0.003719164015027991,0.008282326191012001
5000,3,random_regular,1,4750,113,0.95,0.44269863605028,0.0020333571335249064,2,0.24169863605027997,1.3784674772168914,0.038367128802205615,0.008360509283350939
5000,3,random_regular,2,4754,125,0.9508,0.4450758055689029,0.0019954226447940673,2,0.2440758055689029,1.213071681793865,0.03502804371150754,0.008277499076307343
5000,3,random_regular,3,4751,133,0.9502,0.4504443354325149,0.0019044967069115648,2,0.24944433543251487,1.0929926061537067,0.2283143222496919,0.007899856483415457
5000,3,random_regular,4,4753,108,0.9506,0.4443486705413445,0.002007216810706047,2,0.24334867054134451,1.2533177907584443,-0.010480853899774389,0.008352718911948212
5000,3,random_regular,0,4754,31,0.9508,0.33610220429358384,0.003055583911747318,3,0.13510220429358383,1.3457405572590226,0.08109489005181193,0.008303096656766058
5000,3,random_regular,1,4775,33,0.955,0.33671219998094853,0.00305369223987424,3,0.13571219998094852,1.3886623984938813,0.0593479238560271,0.00883461111503193
5000,3,random_regular,2,4759,31,0.9518,0.3335452273194292,0.0030646206868831845,3,0.1325452273194292,0.785654290453601,0.005395242884040549,0.008404898209598197
5000,3,random_regular,3,4772,34,0.9544,0.3337421464400169,0.003061704396990728,3,0.13274214644001686,1.0347918376764689,0.10797277299984626,0.008748091569875225
5000,3,random_regular,4,4795,30,0.959,0.3256254018878859,0.00310313818978776,3,0.1246254018878859,0.9643667817309451,0.07948759725925784,0.008792500814959026
5000,3,random_regular,0,4752,123,0.9504,0.4425304743932195,0.0020349616887221315,2,0.2415304743932195,1.3675511920146117,0.014733145965988988,0.00835461142159373
5000,3,random_regular,1,4750,113,0.95,0.4448174419902308,0.0019994151884496444,2,0.2438174419902308,1.0364590433372254,0.028052287524759596,0.008161896977031492
5000,3,random_regular,2,4750,114,0.95,0.4470762075455941,0.001960754688751804,2,0.24607620754559406,1.4122217299993935,0.0015907786257901538,0.00839663408626204
5000,3,random_regular,3,4756,116,0.9512,0.44506138489491626,0.001994433719392567,2,0.24406138489491624,1.268058421557145,0.01097638735620645,0.008422103189871149
5000,3,random_regular,4,4753,121,0.9506,0.4434156179321089,0.0020214254108751693,2,0.24241561793210886,1.0920139431135703,0.015714962549381546,0.008254345790284051
5000,3,random_regular,0,4775,28,0.955,0.32800258614081806,0.003094244215855709,3,0.12700258614081805,1.043680230123886,0.05831424479188097,0.008222457995214573
5000,3,random_regular,1,4784,29,0.9568,0.3338839968012505,0.0030632489601984513,3,0.13288399680125051,1.3591880834948002,0.08285675879925072,0.008238550810474187
5000,3,random_regular,2,4761,28,0.9522,0.33085933291300396,0.0030816259222891593,3,0.12985933291300394,1.2106741052117798,0.014063353339389377,0.008509599231836452
5000,3,random_regular,3,4791,30,0.9582,0.33607208200919264,0.0030467693371545542,3,0.13507208200919263,1.2679053523578405,0.012029486180161303,0.008395317808478159
5000,3,random_regular,4,4754,29,0.9508,0.3331361627209288,0.0030687114237214004,3,0.13213616272092876,0.8585131662919192,0.008602982478833909,0.008389226384933232
5000,3,small_world,0,4751,187,0.9502,0.4398410883425166,0.002067370216060241,2,0.2388410883425166,0.7980420872422471,0.012840881121890475,0.008191821774610343
5000,3,small_world,1,4750,175,0.95,0.44505558331968753,0.001986529899301494,2,0.24405558331968752,0.8662759198602716,0.014391454615649184,0.0084407855415863
5000,3,small_world,2,4750,166,0.95,0.4397594550262636,0.0020682480978126885,2,0.2387594550262636,1.392721982094621,0.043443963556075896,0.008309607317383986
5000,3,small_world,3,4750,164,0.95,0.4414213676887576,0.002043938401524323,2,0.2404213676887576,0.8558640169945013,0.0017927252707225481,0.008202761745771258
5000,3,small_world,4,4753,163,0.9506,0.43849002003385434,0.002087917059449128,2,0.23749002003385433,1.1772221803104796,0.035873671470768816,0.00827238463430998
5000,3,small_world,0,4766,46,0.9532,0.33208658680161257,0.003034795818829414,3,0.13108658680161256,1.338398617232138,0.13910566272329175,0.008074028972945478
5000,3,small_world,1,4756,47,0.9512,0.33132086391291865,0.0030395208679011576,3,0.13032086391291864,1.4018691760954984,0.022925382733941894,0.008272206419312986
5000,3,small_world,2,4755,46,0.951,0.3250328107497839,0.003064780943578387,3,0.1240328107497839,1.2172551106515133,0.020502947786123257,0.008106767059846713
5000,3,small_world,3,4763,51,0.9526,0.33005505457291484,0.0030443861072506173,3,0.12905505457291483,1.3798838703045513,0.014773559115648765,0.008405823587126734
5000,3,small_world,4,4781,46,0.9562,0.33528059710174696,0.0030206333124679755,3,0.13428059710174695,1.0216308879061753,0.054910284389181996,0.008202862817542239
5000,3,small_world,0,4750,148,0.95,0.43382471901497094,0.00215444610528574,2,0.23282471901497093,0.9440924159655613,0.0017374469221423936,0.008207669239822295
5000,3,small_world,1,4750,146,0.95,0.43609043916091067,0.002122704420417072,2,0.23509043916091066,0.7448986702084703,-0.0042369450487748156,0.008247393243404774
5000,3,small_world,2,4750,158,0.95,0.4372712727644684,0.002106369509424368,2,0.2362712727644684,1.089683014859809,-0.016931681658694988,0.008331079241916277
5000,3,small_world,3,4750,145,0.95,0.43484950987601434,0.002140975594415057,2,0.23384950987601433,1.1915562792919967,0.013552114001838356,0.008342593416638525
5000,3,small_world,4,4750,157,0.95,0.43599917773143354,0.002124171612259898,2,0.23499917773143353,1.4141554173244935,0.004962990405575616,0.00813868597101113
5000,3,small_world,0,4776,42,0.9552,0.32248910267117514,0.003076542262671068,3,0.12148910267117513,0.7576835937856017,0.01776828309444317,0.008214118847399665
5000,3,small_world,1,4767,42,0.9534,0.31997752562320037,0.003086601247287925,3,0.11897752562320035,1.3229182441754113,0.03757447234831665,0.008266578198777394
5000,3,small_world,2,4762,43,0.9524,0.3214171876612096,0.0030811988347671623,3,0.12041718766120957,1.2721134422906115,0.015851144911950492,0.008511538593623481
5000,3,small_world,3,4772,44,0.9544,0.3206036316454668,0.0030843668383946,3,0.11960363164546678,1.4083737016560898,-0.0036428316136660342,0.00831773909327566
5000,3,small_world,4,4753,43,0.9506,0.3187534371963508,0.003090130875428738,3,0.11775343719635079,0.7712836389647575,0.013611599142790975,0.008392809197237956
5000,4,random_regular,0,4752,127,0.9504,0.4430964441570425,0.0020280949586602356,2,0.2420964441570425,1.5410534251935881,0.057735635887214656,0.007269849766024411
5000,4,random_regular,1,4753,118,0.9506,0.44736748629027184,0.0019566155093583256,2,0.24636748629027183,1.603145611951724,0.016352300199178313,0.007287869904925114
5000,4,random_regular,2,4753,123,0.9506,0.4475419176263388,0.0019531485682054866,2,0.2465419176263388,1.5274016190465745,0.00739998458317354,0.007226733590763333
5000,4,random_regular,3,4752,118,0.9504,0.4485435474075777,0.0019387472776118812,2,0.24754354740757767,1.5295916033320156,0.07781455899127378,0.007207963200624355
5000,4,random_regular,4,4755,124,0.951,0.4434436104184693,0.00202012415168138,2,0.2424436104184693,1.3535491873886,0.02969669443781819,0.007119274312070807
5000,4,random_regular,0,4767,31,0.9534,0.33279118396864127,0.0030680203727839533,3,0.13179118396864126,1.4144852175495772,0.17086870538692553,0.007512074911609807
5000,4,random_regular,1,4776,31,0.9552,0.3356119561820728,0.003055786084531455,3,0.13461195618207278,1.2077359679405193,0.17904874788308034,0.007014145936519708
5000,4,random_regular,2,4783,32,0.9566,0.3256013556126401,0.0030994933507282594,3,0.12460135561264007,1.4904971847781552,0.06747373044970897,0.007322401234049096
5000,4,random_regular,3,4782,32,0.9564,0.3383271417106516,0.003038422256464865,3,0.13732714171065158,1.6800806470256977,0.012942813529101357,0.00778469929122559
5000,4,random_regular,4,4789,33,0.9578,0.3369837578764646,0.003050635314711066,3,0.1359837578764646,1.6687018620956933,0.1954918767212999,0.007209359398669809
5000,4,random_regular,0,4750,124,0.95,0.4418783365408752,0.0020449870123922034,2,0.2408783365408752,1.4334557193423743,0.022651286101313114,0.007099273865830912
5000,4,random_regular,1,4751,127,0.9502,0.44287347366199664,0.0020304410173027417,2,0.24187347366199663,1.6482703315725036,0.01585951457522877,0.007328553918214924
5000,4,random_regular,2,4752,113,0.9504,0.44583610726935147,0.0019842396490800667,2,0.24483610726935146,1.5734704061611835,0.03888104986339323,0.007188301595749416
5000,4,random_regular,3,4752,118,0.9504,0.4400331311591672,0.0020745190918296844,2,0.2390331311591672,1.0759658102342988,0.07206646602567598,0.0071786538976501505
5000,4,random_regular,4,4755,127,0.951,0.44329219815362747,0.0020244664521595524,2,0.24229219815362746,1.2400573032603353,0.030772594304552366,0.00712538266884662
5000,4,random_regular,0,4773,30,0.9546,0.3373705420607058,0.003048306837084328,3,0.1363705420607058,1.3715490753605015,0.07006005060628759,0.00757464507961755
5000,4,random_regular,1,4770,28,0.954,0.3304014568363553,0.003082811257352265,3,0.1294014568363553,1.6140050726170712,0.02604252249474854,0.007470182521462363
5000,4,random_regular,2,4791,28,0.9582,0.3346776903767113,0.0030639583293957484,3,0.1336776903767113,1.0879917793127094,0.010114560000446643,0.007214395734305504
5000,4,random_regular,3,4768,28,0.9536,0.33358835112421087,0.0030677328712007596,3,0.13258835112421086,1.3897690553119508,0.03757393725524465,0.007542070085102054
5000,4,random_regular,4,4772,27,0.9544,0.33264954157939836,0.003070551247998742,3,0.13164954157939834,1.5754945775017064,0.02435483374420117,0.007559179019995417
5000,4,small_world,0,4751,171,0.9502,0.4378854143732648,0.0020960026533124116,2,0.23688541437326477,1.6584478833376801,0.003793313611629028,0.007406458120316975
5000,4,small_world,1,4750,171,0.95,0.43860558026688234,0.0020856348561818423,2,0.23760558026688233,1.2329238278427648,0.017275570588953605,0.007296099795424783
5000,4,small_world,2,4750,181,0.95,0.4391959789788958,0.002077928059420467,2,0.23819597897889577,1.6531851056127902,0.050898840414456165,0.007379283658325214
5000,4,small_world,3,4751,163,0.9502,0.4425218300253468,0.0020273411168880233,2,0.24152183002534677,1.0962307556016468,0.006496843525228266,0.007117719107754114
5000,4,small_world,4,4751,185,0.9502,0.4436525567709174,0.0020091359908864,2,0.2426525567709174,1.3816442647446672,0.04386404487040505,0.00720743181444987
5000,4,small_world,0,4772,50,0.9544,0.3353159176901303,0.003016171911299892,3,0.1343159176901303,1.1847242319689129,0.024037591550048462,0.0073824062757578005
5000,4,small_world,1,4781,48,0.9562,0.332195636977691,0.0030361273726838174,3,0.131195636977691,1.70110829120162,0.0300543904858389,0.007097891446629127
5000,4,small_world,2,4759,50,0.9518,0.33503882294478904,0.0030213223037451327,3,0.13403882294478903,1.5766682653550572,0.026496198170676066,0.007173692414418449
5000,4,small_world,3,4780,48,0.956,0.33215593029724044,0.0030340478607597124,3,0.13115593029724043,1.6707220735624888,0.04062807663993377,0.0073564485126540674
5000,4,small_world,4,4769,48,0.9538,0.33583451148320786,0.0030159809275504133,3,0.13483451148320785,1.281097315511527,0.1032856671963999,0.007221385741515106
5000,4,small_world,0,4752,140,0.9504,0.4345245488362936,0.002146863455282328,2,0.2335245488362936,1.068238353289716,0.019660629655237318,0.007108705235589822
5000,4,small_world,1,4751,153,0.9502,0.4391787963667568,0.0020784762406710986,2,0.23817879636675676,1.0997182215294092,0.0009982227628101328,0.007088497731650234
5000,4,small_world,2,4751,168,0.9502,0.4348762047495383,0.00214216429075225,2,0.2338762047495383,1.0792817535446615,0.012996321370797424,0.00703989531119455
5000,4,small_world,3,4750,144,0.95,0.43516293427074915,0.002136753797938414,2,0.23416293427074913,1.2388259657702576,-0.0014069952379222243,0.007115545259665508
5000,4,small_world,4,4750,169,0.95,0.44180787823958273,0.0020380224256490716,2,0.24080787823958272,1.341099568501537,0.0050546030726274695,0.007129330799315629
5000,4,small_world,0,4750,41,0.95,0.320827040962724,0.003081415115952094,3,0.11982704096272401,0.8720596445952308,0.007734037175983518,0.007174983201191981
5000,4,small_world,1,4770,41,0.954,0.3216123302012562,0.0030810862367142353,3,0.12061233020125617,1.201386258918303,0.0405362461978899,0.007126545515247309
5000,4,small_world,2,4765,41,0.953,0.3202611465613813,0.003089497170037021,3,0.11926114656138131,1.14401613200578,0.004136943917841796,0.0071744918496834415
5000,4,small_world,3,4774,41,0.9548,0.31771425021300764,0.003097321388739197,3,0.11671425021300763,1.2188953462115646,0.0064829330629436995,0.0072196440607560355
5000,4,small_world,4,4776,42,0.9552,0.32206424195729805,0.0030788308100144044,3,0.12106424195729804,1.675407182344122,0.008089182611060432,0.0070656639370801745
10000,2,random_regular,0,9501,244,0.9501,0.44954941224370104,0.0013570219488808044,2,0.24854941224370103,1.0,0.042078033791546114,0.010006088096414685
10000,2,random_regular,1,9506,232,0.9506,0.44734062414842296,0.0013837613094185909,2,0.24634062414842295,1.0,0.02258415802406313,0.010074832758983132
10000,2,random_regular,2,9501,228,0.9501,0.45318350272276353,0.001311627766673933,2,0.2521835027227635,1.0,-0.0012555518408503255,0.010126463815744464
10000,2,random_regular,3,9502,220,0.9502,0.45057312020867896,0.0013445882489283847,2,0.24957312020867894,1.0,0.03186126563586232,0.010049458189724537
10000,2,random_regular,4,9500,246,0.95,0.4492635676746754,0.0013608606659872601,2,0.2482635676746754,1.0,0.010750407240861527,0.010167467722402491
10000,2,random_regular,0,9537,32,0.9537,0.32517147275660163,0.0021923509294259403,3,0.12417147275660162,1.0,0.0119037564617555,0.010190435213190782
10000,2,random_regular,1,9565,33,0.9565,0.3202600943213587,0.0022115428428645606,3,0.1192600943213587,1.0,0.04645588959558531,0.01006800695655984
10000,2,random_regular,2,9590,32,0.959,0.31965599209887313,0.0022104922455738318,3,0.11865599209887312,1.0,0.06720758052369953,0.010119623477306034
10000,2,random_regular,3,9575,32,0.9575,0.323927123802888,0.0021976941942183272,3,0.122927123802888,1.0,0.0010302150299275731,0.010257994216984223
10000,2,random_regular,4,9511,31,0.9511,0.32292818988417465,0.00220166227824336,3,0.12192818988417464,1.0,0.04555417338812292,0.009974634929533951
10000,2,random_regular,0,9500,209,0.95,0.44711599312050243,0.0013858426306368138,2,0.24611599312050242,1.0,0.0007749208208482897,0.010033819366022748
10000,2,random_regular,1,9502,187,0.9502,0.44598173843322403,0.0013994741798128106,2,0.24498173843322402,1.0,0.015171958624671146,0.010144345926546002
10000,2,random_regular,2,9500,206,0.95,0.4464710188727775,0.0013946597252947964,2,0.2454710188727775,1.0,0.0046269624889786155,0.009976137097524705
10000,2,random_regular,3,9501,217,0.9501,0.4454531000396659,0.0014048211640315827,2,0.24445310003966586,1.0,-0.006067574965121487,0.009970803243167148
10000,2,random_regular,4,9503,208,0.9503,0.4453153855850217,0.0014072359377571306,2,0.2443153855850217,1.0,0.019927751979784178,0.009945023805741178
10000,2,random_regular,0,9580,29,0.958,0.3196627315394579,0.0022104975614466674,3,0.11866273153945789,1.0,0.020793955554568137,0.010158810871857767
10000,2,random_regular,1,9526,29,0.9526,0.31999982144712874,0.002207396087964244,3,0.11899982144712873,1.0,0.06492957397358809,0.010070556969487018
10000,2,random_regular,2,9593,29,0.9593,0.32214507370615614,0.0022037805285675754,3,0.12114507370615613,1.0,-0.0008856966698097785,0.01001142861830768
10000,2,random_regular,3,9504,28,0.9504,0.3167248720443763,0.0022188293875304477,3,0.11572487204437631,1.0,0.06230066649917265,0.010154973809352163
10000,2,random_regular,4,9516,28,0.9516,0.3168545033166449,0.0022197695501372156,3,0.11585450331664487,1.0,0.061394421179054005,0.010153475016189425
10000,2,small_world,0,9503,422,0.9503,0.458738172716472,0.0012341542114087487,2,0.257738172716472,1.0,-0.0044232096590495085,0.010087860471914014
10000,2,small_world,1,9500,414,0.95,0.45589865401520846,0.0012723049709096915,2,0.25489865401520845,1.0,0.015652899362148774,0.010059336684185984
10000,2,small_world,2,9500,455,0.95,0.4580929487145514,0.0012429157349618312,2,0.2570929487145514,1.0,0.0032471361999736777,0.010032978156537661
10000,2,small_world,3,9501,405,0.9501,0.4583236891829085,0.001239809623307472,2,0.2573236891829085,1.0,0.006717115143169006,0.010025416679487465
10000,2,small_world,4,9500,353,0.95,0.45484115364907396,0.0012862778487980852,2,0.25384115364907395,1.0,0.02783281983514345,0.010018095219015253
10000,2,small_world,0,9514,48,0.9514,0.3114095169721337,0.0022018366592000843,3,0.11040951697213369,1.0,0.0500075899313293,0.010052998935528181
10000,2,small_world,1,9507,52,0.9507,0.32855835909930897,0.0021548525235776483,3,0.12755835909930896,1.0,-0.0017775002348575193,0.009972995194795012
10000,2,small_world,2,9548,50,0.9548,0.31634493084534976,0.002188667657394695,3,0.11534493084534975,1.0,0.053631016395508116,0.010011356058844142
10000,2,small_world,3,9512,47,0.9512,0.31279625653842197,0.0021993068897821523,3,0.11179625653842196,1.0,0.01874238506585611,0.010046780241091659
10000,2,small_world,4,9541,48,0.9541,0.31340183171360064,0.002196555344047407,3,0.11240183171360063,1.0,0.028414763224168457,0.009943095358687822
10000,2,small_world,0,9500,333,0.95,0.4501341738955013,0.0013452699572759064,2,0.2491341738955013,1.0,-0.0014663737110205887,0.010074151000737882
10000,2,small_world,1,9500,319,0.95,0.4454067381593554,0.0014006004593203677,2,0.24440673815935537,1.0,0.00840068055150355,0.01004386688240268
10000,2,small_world,2,9500,292,0.95,0.4453149851513815,0.0014017751530540495,2,0.2443149851513815,1.0,0.007169973221589387,0.010006150056081024
10000,2,small_world,3,9500,298,0.95,0.4464378182676041,0.001389141405387358,2,0.24543781826760408,1.0,0.012213249719982477,0.010032801809207903
10000,2,small_world,4,9500,319,0.95,0.44755290035674145,0.0013761122202153267,2,0.24655290035674143,1.0,0.009295490718837533,0.00999273195839478
10000,2,small_world,0,9510,42,0.951,0.30607064273918066,0.002215424071773683,3,0.10507064273918065,1.0,-0.007065866699209692,0.01019580449071997
10000,2,small_world,1,9513,44,0.9513,0.31692580616572064,0.0021887874999926716,3,0.11592580616572062,1.0,-0.0020086108825707527,0.009986722186475403
10000,2,small_world,2,9541,43,0.9541,0.3059470342490892,0.0022165078377118226,3,0.10494703424908919,1.0,-0.016339624182070862,0.010259872919209325
10000,2,small_world,3,9545,42,0.9545,0.30172817711866173,0.002224448669421629,3,0.10072817711866172,1.0,0.006465225755797513,0.010031128701538602
10000,2,small_world,4,9543,43,0.9543,0.31024188323659657,0.002204090522121672,3,0.10924188323659656,1.0,0.012506156775306398,0.010085335449781801
10000,3,random_regular,0,9501,224,0.9501,0.4487160535226639,0.0013672045507342196,2,0.2477160535226639,1.3335305241997308,0.008230255659389424,0.008421157371182106
10000,3,random_regular,1,9503,195,0.9503,0.4447884174095581,0.0014126237426084877,2,0.2437884174095581,0.7743287817462723,0.03980451005229765,0.0082997184204974
10000,3,random_regular,2,9500,247,0.95,0.44947859868541273,0.0013574543614256105,2,0.24847859868541272,1.3394521332969909,0.012566077508830844,0.008276053846831067
10000,3,random_regular,3,9501,260,0.9501,0.4480359378873152,0.0013753321246898229,2,0.2470359378873152,1.3655185403274102,0.060539159511457295,0.008471386747912459
10000,3,random_regular,4,9503,203,0.9503,0.4454455913521472,0.0014059207896060014,2,0.24444559135214716,1.4136072529991819,0.06070213944099166,0.008506671315866453
10000,3,random_regular,0,9511,31,0.9511,0.32009611484668193,0.0022099903447554544,3,0.11909611484668192,1.121341406224964,0.026763409952498977,0.008283640736523353
10000,3,random_regular,1,9556,31,0.9556,0.32169847553531844,0.0022024736412068584,3,0.12069847553531843,0.8947050146053919,0.024568289874215957,0.008317848914588689
10000,3,random_regular,2,9510,31,0.951,0.3200380054641117,0.0022099826752342783,3,0.1190380054641117,1.3664598947689746,0.013418503670977543,0.008417096406297071
10000,3,random_regular,3,9587,32,0.9587,0.3284342027987892,0.002182544813869514,3,0.1274342027987892,1.359834766154575,0.02516566554970887,0.008961485386572009
10000,3,random_regular,4,9556,32,0.9556,0.31881949155247974,0.002212127207006197,3,0.11781949155247973,1.3092741462121977,0.018643120162311788,0.008461063927075317
10000,3,random_regular,0,9506,214,0.9506,0.44907202839214144,0.001363527451937479,2,0.24807202839214143,1.4131999730017484,0.014496938059256385,0.008402711669038545
10000,3,random_regular,1,9504,185,0.9504,0.4427195303605031,0.0014364858339066284,2,0.2417195303605031,1.379640422301943,0.02164058418343724,0.00820641649374361
10000,3,random_regular,2,9501,182,0.9501,0.4435437334688028,0.0014275615669931902,2,0.2425437334688028,0.8538983981947181,0.006655994133822128,0.008166574765324695
10000,3,random_regular,3,9502,215,0.9502,0.4451804905011393,0.0014084005996668882,2,0.24418049050113927,1.3854107348219356,0.012708871510056917,0.008175093266412723
10000,3,random_regular,4,9501,183,0.9501,0.4436168533679108,0.0014271167940190087,2,0.24261685336791078,0.8445302180918175,0.028346937535767336,0.008238371822378535
10000,3,random_regular,0,9579,29,0.9579,0.31892563660109263,0.002213465290269806,3,0.11792563660109262,1.352398275187971,0.025312882903598597,0.008373292523241338
10000,3,random_regular,1,9589,29,0.9589,0.3174650357199157,0.0022158493560247698,3,0.11646503571991568,0.9986178293325094,0.04795046828067291,0.008267954049861095
10000,3,random_regular,2,9543,28,0.9543,0.318972680141142,0.0022132466563546125,3,0.11797268014114198,1.4141653705795434,0.025635069075239953,0.008449866474135549
10000,3,random_regular,3,9569,28,0.9569,0.318296646257206,0.0022122357871109917,3,0.11729664625720598,1.0929693396419047,0.010011810778819673,0.008304882181224701
10000,3,random_regular,4,9522,28,0.9522,0.3204701821207993,0.002209941465045117,3,0.1194701821207993,1.2108783422448686,0.0027309261096812804,0.008435895445783896
10000,3,small_world,0,9501,381,0.9501,0.4602418520417923,0.0012132045274184746,2,0.2592418520417923,0.9078387644318846,0.005574269572164944,0.00818278733751666
10000,3,small_world,1,9501,475,0.9501,0.4559329935787159,0.0012716519523797625,2,0.2549329935787159,0.805821053742131,0.0037684959727660363,0.008257702807578567
10000,3,small_world,2,9500,397,0.95,0.45768850983721765,0.0012483801448158736,2,0.25668850983721764,1.2272417636981576,0.0023716397391949254,0.008211419520019551
10000,3,small_world,3,9500,416,0.95,0.4564557336278983,0.0012648150766830432,2,0.2554557336278983,1.3646423676758943,0.006401865506896854,0.00816662902627972
10000,3,small_world,4,9501,423,0.9501,0.454920682277769,0.0012849838831243414,2,0.253920682277769,0.9795710214151021,0.010154278692203254,0.008185759790403436
10000,3,small_world,0,9540,49,0.954,0.3172966338152975,0.002186494345825503,3,0.11629663381529748,0.9788416614755493,0.01629366201440007,0.008152746668863054
10000,3,small_world,1,9521,49,0.9521,0.3233404128071918,0.0021689197514010326,3,0.12234041280719177,0.8762361300630661,0.005896016528516008,0.008297145036017356
10000,3,small_world,2,9520,50,0.952,0.31742156702349134,0.002187033471500991,3,0.11642156702349132,1.2342856234079427,0.00663111815955321,0.00817700839656678
10000,3,small_world,3,9500,51,0.95,0.32304956825065095,0.002169996357624219,3,0.12204956825065094,1.331870682013257,0.026602210113163393,0.008257712688630927
10000,3,small_world,4,9508,50,0.9508,0.3221652102889733,0.0021729936885390285,3,0.12116521028897331,1.0105619828766126,0.015557583849006719,0.008201127883719279
10000,3,small_world,0,9500,323,0.95,0.44717901386025455,0.0013803111129120644,2,0.24617901386025454,1.1644330863046313,0.023512703042316237,0.008166651990744605
10000,3,small_world,1,9501,327,0.9501,0.4481928621468993,0.0013682042120594753,2,0.24719286214689928,1.0319356316946608,-0.009581770314902798,0.008127952476215398
10000,3,small_world,2,9502,334,0.9502,0.450105875945187,0.0013453113331280883,2,0.24910587594518696,1.2320996851716532,0.017483285729850438,0.008091437639316967
10000,3,small_world,3,9500,284,0.95,0.4472421647758973,0.0013799444035054375,2,0.24624216477589728,1.4140444823411227,0.006437203007247409,0.00822040815195327
10000,3,small_world,4,9502,330,0.9502,0.4484515190711292,0.0013649545166569271,2,0.24745151907112917,1.3887980498910204,0.008075114457573624,0.008295946766382484
10000,3,small_world,0,9514,42,0.9514,0.30122520894085714,0.0022250436571354783,3,0.10022520894085712,1.15689833350338,0.014908275468952025,0.008201076190040266
10000,3,small_world,1,9534,45,0.9534,0.311140707731589,0.0022040246257733777,3,0.11014070773158896,1.4139183117501068,0.01056064195719457,0.008224690949368868
10000,3,small_world,2,9508,42,0.9508,0.30142792143654124,0.0022263601794091743,3,0.10042792143654122,1.2800716692992062,0.0003009217491077898,0.008202849039973701
10000,3,small_world,3,9504,43,0.9504,0.3053156420419149,0.0022164671726791372,3,0.1043156420419149,1.4061250538563477,0.03400053127151856,0.008161032586789617
10000,3,small_world,4,9527,41,0.9527,0.2950258746506567,0.002238079172036777,3,0.0940258746506567,0.9184834755715631,0.016277931972286018,0.008147042772999408
10000,4,random_regular,0,9501,195,0.9501,0.4450155876201039,0.0014102867083069768,2,0.2440155876201039,1.477202355162738,0.004800357856190125,0.0073522412627723
10000,4,random_regular,1,9506,211,0.9506,0.4488381031910001,0.001365081459221629,2,0.24783810319100008,1.685915458097373,0.013768765583973646,0.0071954921970692285
10000,4,random_regular,2,9504,221,0.9504,0.4472726741424778,0.001384239780612132,2,0.24627267414247778,1.61883236912268,0.02313379080219215,0.007061349000709458
10000,4,random_regular,3,9504,240,0.9504,0.44752961358005056,0.00138188835737238,2,0.24652961358005054,0.9871529154844569,0.02815358693105154,0.007238903189698322
10000,4,random_regular,4,9500,214,0.95,0.44807919001640156,0.001375734525171249,2,0.24707919001640155,1.1571026055605154,0.02525787950957222,0.007376728963263818
10000,4,random_regular,0,9554,32,0.9554,0.3250958049628148,0.0021956358464739097,3,0.1240958049628148,1.3630246241729596,0.052064749591327106,0.007326213986475611
10000,4,random_regular,1,9539,31,0.9539,0.3189373771588275,0.002212518913893598,3,0.11793737715882746,1.0710412402910732,0.00321015107714788,0.007224096445739768
10000,4,random_regular,2,9527,30,0.9527,0.31727846211793764,0.0022170108257388793,3,0.11627846211793763,1.652085371837483,0.00457266876525964,0.0076273351777213965
10000,4,random_regular,3,9524,31,0.9524,0.3198235645837717,0.002210183688383905,3,0.11882356458377169,0.7407213178651537,0.04036547324873756,0.007460962162251024
10000,4,random_regular,4,9514,30,0.9514,0.3175502498342524,0.002217814321383594,3,0.11655024983425238,1.4442287312774256,0.04588318185375632,0.0075681882859169524
10000,4,random_regular,0,9500,181,0.95,0.4423476807740008,0.0014408623263406257,2,0.24134768077400076,1.032303188933543,0.025744600514412037,0.007194004937934064
10000,4,random_regular,1,9508,181,0.9508,0.44344410074318574,0.0014287635640206624,2,0.24244410074318573,1.6157764476456251,0.016228606538314372,0.007203375388835969
10000,4,random_regular,2,9501,203,0.9501,0.4458229721274603,0.0014004416990457942,2,0.2448229721274603,1.292180984375032,0.0004939126171274748,0.00710141054815566
10000,4,random_regular,3,9500,210,0.95,0.44902539256911855,0.0013632079254194882,2,0.24802539256911854,1.0594990504462944,0.0011505080563639723,0.007126316429548692
10000,4,random_regular,4,9500,180,0.95,0.44713137291627647,0.0013861295931075106,2,0.24613137291627646,1.0018720690808218,0.006306370890638696,0.007176227140328146
10000,4,random_regular,0,9531,29,0.9531,0.32142435410480114,0.002205443161375118,3,0.12042435410480112,1.051738691267913,0.007686185240905718,0.007248200253935598
10000,4,random_regular,1,9548,29,0.9548,0.3175027906851965,0.0022168083768887847,3,0.11650279068519648,1.6435729426345023,0.01765811048067774,0.007337162909747783
10000,4,random_regular,2,9525,28,0.9525,0.3189629253332581,0.0022132018819144314,3,0.11796292533325808,1.6850058348502412,0.03302862837916345,0.007147210657966543
10000,4,random_regular,3,9507,28,0.9507,0.3188070422556682,0.002214177099203271,3,0.11780704225566818,1.702119482155156,0.013911212886925426,0.007172491678781032
10000,4,random_regular,4,9500,28,0.95,0.317026097151233,0.002217517994783127,3,0.11602609715123297,0.9986286558165925,0.044052984864164535,0.007247926952245795
10000,4,small_world,0,9501,437,0.9501,0.45795537861659313,0.0012447196951793328,2,0.2569553786165931,1.2639232258772806,-0.015217603086842751,0.007087842962999455
10000,4,small_world,1,9500,455,0.95,0.4558536331757728,0.0012732513390845506,2,0.2548536331757728,1.322471592275402,0.015384836047264506,0.007066103656973648
10000,4,small_world,2,9500,360,0.95,0.456386081574387,0.0012660114213505513,2,0.25538608157438697,0.9670275695185796,-0.0034646507763262378,0.0070782109618114444
10000,4,small_world,3,9501,432,0.9501,0.4574095914321615,0.0012523637897920027,2,0.25640959143216147,0.6694172343071941,0.014487695238353686,0.007088260811813603
10000,4,small_world,4,9501,425,0.9501,0.45778738469011815,0.0012472294375483934,2,0.25678738469011814,1.6440830330870242,-0.0015198937777992497,0.007096778421744167
10000,4,small_world,0,9548,51,0.9548,0.3256792894394791,0.0021629789303731074,3,0.12467928943947909,1.3595545004945273,0.01333507175276723,0.007235693238785952
10000,4,small_world,1,9541,49,0.9541,0.32259104886331336,0.0021721820373756012,3,0.12159104886331334,1.6307330107788078,0.019060149434725816,0.007205834022541132
10000,4,small_world,2,9531,49,0.9531,0.32051753400449867,0.0021785732654707717,3,0.11951753400449866,1.6621826901718517,0.003168411468672633,0.007449036684369524
10000,4,small_world,3,9518,48,0.9518,0.31725333920470883,0.0021867393446848423,3,0.11625333920470882,1.690683187957691,0.004728328876271928,0.007185284062609623
10000,4,small_world,4,9507,50,0.9507,0.3182336902422475,0.0021849071457448028,3,0.1172336902422475,1.5348381662714994,0.012783186358244915,0.007336598235965685
10000,4,small_world,0,9500,281,0.95,0.4463534626933547,0.001390020391915539,2,0.24535346269335467,1.253475318473051,-0.005586247146755777,0.00710727719420421
10000,4,small_world,1,9500,317,0.95,0.4454467201233518,0.0013998955637000816,2,0.24444672012335178,1.3463202176182314,-0.003504301087579535,0.007067678766861959
10000,4,small_world,2,9501,325,0.9501,0.4451987340023515,0.001403408496521698,2,0.24419873400235148,1.6203253064763685,0.020164166754463468,0.00716798151927113
10000,4,small_world,3,9502,361,0.9502,0.44605383054107206,0.001392870533120747,2,0.24505383054107205,1.5344527994289097,-0.003400660495758548,0.0070644680995300795
10000,4,small_world,4,9500,329,0.95,0.44478800283966524,0.001407842330764999,2,0.24378800283966523,1.587359937899584,0.002981681380101451,0.007040102780735185
10000,4,small_world,0,9509,44,0.9509,0.30644370463329307,0.002213747749657529,3,0.10544370463329306,0.9653945688524319,-0.015775079830288644,0.007115305631139025
10000,4,small_world,1,9531,43,0.9531,0.3106021023895842,0.0022044804107167405,3,0.10960210238958418,1.2195063031057938,0.017794969758501672,0.0070791408237021475
10000,4,small_world,2,9521,43,0.9521,0.3087000260452556,0.002208206655326962,3,0.10770002604525558,1.4633136376752591,0.012377334935985538,0.007062687332583101
10000,4,small_world,3,9544,42,0.9544,0.30455688940066333,0.002216877457832019,3,0.10355688940066332,1.0178823125966383,0.008981401735820634,0.007122311298824429
10000,4,small_world,4,9551,44,0.9551,0.3030086022709198,0.0022221359484492567,3,0.10200860227091979,1.6225148355622705,0.0001879738939982948,0.007258133997507052
256,4,4d_lattice_n4,0,247,39,0.96484375,0.2628431521962403,0.014281076811507129,3,0.061843152196240314,1.52881361117885,0.5359415302258558,0.0064431358815211105
256,4,4d_lattice_n4,1,244,34,0.953125,0.255985980507234,0.014176277483874684,3,0.05498598050723397,1.4383849848571229,0.5309221423116999,0.006150046314420104
256,4,4d_lattice_n4,2,249,36,0.97265625,0.28771977515218,0.014020630662232298,3,0.08671977515217999,1.0842128886614928,0.21535471859579688,0.00782646461817245
256,4,4d_lattice_n4,3,247,44,0.96484375,0.2688986719446215,0.014310227831409275,3,0.06789867194462151,1.2303023212566264,0.5622294813641838,0.006482076669204397
256,4,4d_lattice_n4,4,247,35,0.96484375,0.23225260503086215,0.014282587108406937,4,0.031252605030862135,1.6151589169273985,0.35993581518359635,0.006806759976027736
1296,4,4d_lattice_n6,0,1232,36,0.9506172839506173,0.15663816767699873,0.005870626104970278,5,0.04436183232300128,1.2997355121151952,0.018709037363439117,0.008016594650885205
1296,4,4d_lattice_n6,1,1244,34,0.9598765432098766,0.14971066523850432,0.005810042894879106,5,0.05128933476149569,1.1173427215142648,0.0805388118950285,0.007460778805447391
1296,4,4d_lattice_n6,2,1235,32,0.9529320987654321,0.1392605320695896,0.005698142862182608,5,0.06173946793041041,1.6321937017789292,0.04675814652414619,0.007631328109715965
1296,4,4d_lattice_n6,3,1234,35,0.9521604938271605,0.13487840452173502,0.005663305592137786,5,0.06612159547826499,1.6374353393261247,0.0782351555840288,0.007899736647657328
1296,4,4d_lattice_n6,4,1245,36,0.9606481481481481,0.15924799229081008,0.0059095406479828146,5,0.04175200770918994,1.5279239487222966,0.06004179045108292,0.008006369637746168
4096,4,4d_lattice_n8,0,3892,36,0.9501953125,0.09601749922102136,0.002811555951900368,5,0.10498250077897865,1.7066883376843307,0.02180876971262831,0.007231525691749914
4096,4,4d_lattice_n8,1,3892,36,0.9501953125,0.09249229895894383,0.0027735987563571236,5,0.10850770104105618,1.4692122028987598,0.03729869243662776,0.007296524523544053
4096,4,4d_lattice_n8,2,3917,36,0.956298828125,0.08802061263065453,0.002721570367960782,5,0.11297938736934549,1.6033101980566555,0.02456328388458956,0.00732711496206954
4096,4,4d_lattice_n8,3,3897,40,0.951416015625,0.10667854260247728,0.0029191799916582248,5,0.09432145739752273,1.5103029917574564,0.011245404045189929,0.00731869693600319
4096,4,4d_lattice_n8,4,3925,35,0.958251953125,0.0815342553415649,0.0026398515641265783,5,0.11946574465843511,1.3725498054614063,0.04739848527049768,0.0073312596449734285
10000,4,4d_lattice_n10,0,9561,36,0.9561,0.056394951336274916,0.0014442657228768304,5,0.1446050486637251,1.4851282495420073,-0.0011819730155657388,0.007114292856637684
10000,4,4d_lattice_n10,1,9515,36,0.9515,0.05631553686212205,0.00144276165198874,5,0.14468446313787797,1.0824862625275895,0.01062606463287876,0.007206350412844335
10000,4,4d_lattice_n10,2,9502,36,0.9502,0.05551029049828779,0.00143527918512189,5,0.14548970950171222,1.3846411145533826,0.023911840413752772,0.00713626284142086
10000,4,4d_lattice_n10,3,9514,35,0.9514,0.05223020137849879,0.0013971668884222427,5,0.14876979862150122,1.389145771793992,0.02544724004710543,0.007102537721660378
10000,4,4d_lattice_n10,4,9509,35,0.9509,0.04941656282031585,0.0013636041613112686,5,0.15158343717968417,1.6172650756659168,0.007510574791786582,0.007181008224598813
