q,m_kg,m_over_mp,m_microgram
0.0,0.0,0.0,0.0
0.0025,5.441071870408157e-11,0.002499993574481256,0.05441071870408157
0.005,1.0882059832757147e-10,0.0049999485959689545,0.10882059832757147
0.0075,1.6322879980281766e-10,0.007499826512064072,0.16322879980281765
0.01,2.176344840880473e-10,0.009999588771556649,0.2176344840880473
0.0125,2.7203681218030564e-10,0.012499196825020287,0.2720368121803056
0.015,3.264349451283946e-10,0.014998612125406641,0.3264349451283946
0.0175,3.808280440458106e-10,0.017497796128639866,0.3808280440458106
0.02,4.3521527012368056e-10,0.019996710294210972,0.43521527012368055
0.0225,4.895957846436985e-10,0.022495316085772245,0.48959578464369846
0.025,5.439687489910583e-10,0.02499357497173144,0.5439687489910583
0.0275,5.983333246673874e-10,0.027491448425846055,0.5983333246673874
0.03,6.526886733036767e-10,0.0299888979278174,0.6526886733036766
0.0325,7.070339566732094e-10,0.03248588496388467,0.7070339566732093
0.035,7.613683367044876e-10,0.03498237102741886,0.7613683367044876
0.0375,8.156909754941564e-10,0.03747831761951654,0.8156909754941564
0.04,8.700010353199254e-10,0.03997368624959365,0.8700010353199253
0.0425,9.242976786534875e-10,0.042468438435979,0.9242976786534874
0.045,9.785800681734339e-10,0.0449625357065077,0.9785800681734339
0.0475,1.032847366778168e-09,0.047455939599114504,1.032847366778168
0.05,1.0870987375988139e-09,0.04994861166242692,1.087098737598814
0.0525,1.1413333440121207e-09,0.052440513456358126,1.1413333440121207
0.055,1.1955503496533664e-09,0.05493160655269984,1.1955503496533664
0.0575,1.2497489184292544e-09,0.05742185253571488,1.2497489184292545
0.06,1.3039282145308073e-09,0.059911213002729606,1.3039282145308073
0.0625,1.3580874024462564e-09,0.06239964956472615,1.3580874024462564
0.065,1.4122256469739258e-09,0.06488712384693436,1.4122256469739258
0.0675,1.4663421132351127e-09,0.06737359748942368,1.4663421132351127
0.07,1.5204359666869624e-09,0.06985903214769461,1.5204359666869625
0.0725,1.5745063731353364e-09,0.07234338949327007,1.5745063731353364
0.075,1.6285524987476803e-09,0.07482663121428654,1.6285524987476803
0.0775,1.6825735100658784e-09,0.07730871901608474,1.6825735100658783
0.08,1.7365685740191089e-09,0.07978961462180029,1.7365685740191088
0.0825,1.7905368579366902e-09,0.08226927977295391,1.7905368579366903
0.085,1.844477529560923e-09,0.0847476762300415,1.844477529560923
0.08750000000000001,1.8983897570599224e-09,0.08722476577312376,1.8983897570599224
0.09,1.952272709040449e-09,0.08970051020241565,1.9522727090404493
0.0925,2.006125554560726e-09,0.09217487133887542,2.0061255545607257
0.095,2.059947463143256e-09,0.0946478110247934,2.059947463143256
0.0975,2.1137376047876286e-09,0.09711929112438047,2.1137376047876284
0.1,2.1674951499833177e-09,0.09958927352435615,2.167495149983318
0.10250000000000001,2.221219269722475e-09,0.10205772013453626,2.221219269722475
0.105,2.274909135512714e-09,0.10452459288842052,2.274909135512714
0.1075,2.3285639193898875e-09,0.10698985374377937,2.3285639193898873
0.11,2.3821827939308536e-09,0.10945346468324076,2.3821827939308537
0.1125,2.4357649322662376e-09,0.11191538771487639,2.435764932266238
0.115,2.489309508093181e-09,0.1143755848727875,2.489309508093181
0.11750000000000001,2.5428156956880874e-09,0.11683401821769056,2.542815695688087
0.12,2.5962826699193538e-09,0.11929064983750216,2.5962826699193537
0.1225,2.649709606260096e-09,0.12174544184792373,2.649709606260096
0.125,2.7030956808008627e-09,0.1241983563930257,2.7030956808008626
0.1275,2.7564400702623438e-09,0.12664935564583146,2.756440070262344
0.13,2.8097419520080633e-09,0.12909840180890048,2.8097419520080633
0.1325,2.863000504057066e-09,0.13154545711491125,2.863000504057066
0.135,2.916214905096597e-09,0.13399048382724388,2.916214905096597
0.1375,2.9693843344947617e-09,0.13643344424056178,2.969384334494762
0.14,3.0225079723131853e-09,0.13887430068139328,3.022507972313185
0.14250000000000002,3.075584999319656e-09,0.1413130155087126,3.075584999319656
0.145,3.128614597000758e-09,0.14374955111452029,3.128614597000758
0.1475,3.1815959475744932e-09,0.14618386992442312,3.1815959475744933
0.15,3.2345282340028967e-09,0.1486159343982137,3.2345282340028967
0.1525,3.28741064000463e-09,0.1510457070304492,3.28741064000463
0.155,3.340242350067574e-09,0.15347315035102987,3.340242350067574
0.1575,3.393022549461404e-09,0.15589822692577684,3.393022549461404
0.16,3.4457504242501535e-09,0.15832089935700935,3.4457504242501535
0.1625,3.4984251613047643e-09,0.1607411302841215,3.4984251613047643
0.165,3.551045948315631e-09,0.16315888238415846,3.551045948315631
0.1675,3.603611973805122e-09,0.16557411837239192,3.6036119738051218
0.17,3.6561224271400965e-09,0.16798680100289512,3.6561224271400965
0.17250000000000001,3.7085764985444067e-09,0.17039689306911737,3.7085764985444065
0.17500000000000002,3.760973379111381e-09,0.17280435740445743,3.7609733791113813
0.1775,3.813312260816305e-09,0.17520915688283722,3.813312260816305
0.18,3.865592336528877e-09,0.1776112544192739,3.865592336528877
0.1825,3.917812800025653e-09,0.1800106129704518,3.9178128000256534
0.185,3.969972846002489e-09,0.18240719553529403,3.969972846002489
0.1875,4.022071670086949e-09,0.18480096515553263,4.022071670086949
0.19,4.074108468850718e-09,0.18719188491627892,4.074108468850718
0.1925,4.126082439821986e-09,0.18957991794659246,4.126082439821986
0.195,4.177992781497824e-09,0.1919650274200497,4.1779927814978235
0.1975,4.22983869335655e-09,0.19434717655531214,4.22983869335655
0.2,4.281619375870064e-09,0.19672632861669317,4.281619375870064
0.2025,4.333334030516189e-09,0.19910244691472498,4.3333340305161885
0.20500000000000002,4.384981859790973e-09,0.20147549480672386,4.384981859790973
0.20750000000000002,4.436562067220999e-09,0.20384543569735583,4.436562067220999
0.21,4.48807385737566e-09,0.2062122330392005,4.48807385737566
0.2125,4.53951643587943e-09,0.2085758503333151,4.53951643587943
0.215,4.59088900942411e-09,0.210936251129797,4.59088900942411
0.2175,4.642190785781065e-09,0.2132933990283459,4.6421907857810645
0.22,4.69342097381344e-09,0.2156472576788253,4.69342097381344
0.2225,4.744578783488362e-09,0.21799779078182302,4.744578783488362
0.225,4.7956634258891185e-09,0.22034496208921073,4.795663425889119
0.2275,4.846674113227332e-09,0.2226887354047034,4.846674113227332
0.23,4.8976100588550975e-09,0.22502907458441707,4.897610058855098
0.2325,4.9484704772771245e-09,0.22736594353742648,4.948470477277125
0.23500000000000001,4.999254584162841e-09,0.2296993062263214,4.999254584162841
0.23750000000000002,5.0499615963585e-09,0.23202912666776285,5.0499615963585
0.24,5.100590731899243e-09,0.23435536893303738,5.100590731899243
0.2425,5.15114121002117e-09,0.23667799714861162,5.15114121002117
0.245,5.201612251173374e-09,0.23899697549668525,5.2016122511733744
0.2475,5.252003077029965e-09,0.2413122682157434,5.252003077029965
0.25,5.302312910502072e-09,0.2436238396011082,5.302312910502072
0.2525,5.352540975749824e-09,0.24593165400548925,5.352540975749824
0.255,5.402686498194324e-09,0.24823567583953374,5.402686498194324
0.2575,5.452748704529582e-09,0.25053586957237467,5.452748704529582
0.26,5.502726822734444e-09,0.25283219973217913,5.502726822734444
0.2625,5.5526200820845036e-09,0.25512463090669546,5.552620082084504
0.265,5.602427713163979e-09,0.25741312774379904,5.602427713163979
0.2675,5.6521489478775855e-09,0.2596976549520376,5.652148947877586
0.27,5.701783019462376e-09,0.2619781773011756,5.7017830194623755
0.2725,5.751329162499565e-09,0.26425465962273714,5.751329162499565
0.275,5.8007866129263365e-09,0.26652706681054883,5.800786612926337
0.2775,5.850154608047622e-09,0.2687953638212806,5.850154608047622
0.28,5.899432386547867e-09,0.27105951567498665,5.899432386547867
0.28250000000000003,5.9486191885027654e-09,0.2733194874556443,5.948619188502765
0.28500000000000003,5.997714255390987e-09,0.2755752443116933,5.997714255390987
0.28750000000000003,6.046716830105865e-09,0.2778267514565721,6.046716830105865
0.29,6.095626156967076e-09,0.2800739741692554,6.095626156967076
0.2925,6.144441481732301e-09,0.2823168777947891,6.144441481732302
0.295,6.193162051608843e-09,0.2845554277448246,6.1931620516088435
0.2975,6.241787115265243e-09,0.2867895894981525,6.241787115265243
0.3,6.290315922842868e-09,0.28901932860123475,6.2903159228428684
0.3025,6.338747725967472e-09,0.2912446106687361,6.3387477259674725
0.305,6.38708177776074e-09,0.29346540138405425,6.38708177776074
0.3075,6.435317332851797e-09,0.29568166649984906,6.435317332851797
0.31,6.4834536473887164e-09,0.29789337183857084,6.483453647388717
0.3125,6.53148997904998e-09,0.3001004832929873,6.531489979049979
0.315,6.5794255870559284e-09,0.3023029668267094,6.579425587055929
0.3175,6.62725973218019e-09,0.3045007884747165,6.62725973218019
0.32,6.674991676761071e-09,0.30669391434388,6.6749916767610715
0.3225,6.722620684712938e-09,0.3088823106134858,6.722620684712938
0.325,6.77014602153757e-09,0.3110659435357564,6.77014602153757
0.3275,6.817566954335483e-09,0.3132447794363709,6.817566954335483
0.33,6.8648827518172286e-09,0.3154187847149843,6.864882751817229
0.3325,6.912092684314677e-09,0.31758792584574574,6.912092684314677
0.335,6.959196023792268e-09,0.3197521693778157,6.959196023792268
0.3375,7.006192043858238e-09,0.32191148193588165,7.0061920438582375
0.34,7.053080019775821e-09,0.32406583022067276,7.0530800197758206
0.3425,7.099859228474424e-09,0.32621518100947333,7.099859228474424
0.34500000000000003,7.146528948560781e-09,0.3283595011566354,7.146528948560781
0.34750000000000003,7.193088460330073e-09,0.33049875759408964,7.193088460330073
0.35000000000000003,7.239537045777034e-09,0.3326329173318553,7.239537045777034
0.3525,7.285873988607018e-09,0.33476194745854937,7.285873988607018
0.355,7.332098574247042e-09,0.3368858151418933,7.332098574247042
0.3575,7.3782100898568135e-09,0.33900448762922025,7.378210089856814
0.36,7.424207824339723e-09,0.34111793224797954,7.424207824339723
0.3625,7.470091068353795e-09,0.34322611640624046,7.470091068353795
0.365,7.515859114322654e-09,0.3453290075931957,7.515859114322654
0.3675,7.56151125644641e-09,0.34742657337966143,7.561511256446409
0.37,7.60704679071256e-09,0.34951878141857873,7.60704679071256
0.3725,7.65246501490683e-09,0.35160559944551106,7.652465014906829
0.375,7.697765228624023e-09,0.35368699527914327,7.697765228624022
0.3775,7.742946733278801e-09,0.3557629368217767,7.742946733278801
0.38,7.788008832116473e-09,0.3578333920598246,7.788008832116473
0.3825,7.832950830223728e-09,0.35989832906430597,7.832950830223727
0.385,7.877772034539361e-09,0.36195771599133786,7.877772034539361
0.3875,7.922471753864954e-09,0.36401152108262613,7.922471753864953
0.39,7.96704929887554e-09,0.3660597126659557,7.967049298875539
0.3925,8.011503982130229e-09,0.3681022591556786,8.011503982130229
0.395,8.05583511808281e-09,0.3701391290532011,8.05583511808281
0.3975,8.10004202309233e-09,0.37217029094746984,8.10004202309233
0.4,8.144124015433627e-09,0.3741957135154556,8.144124015433627
0.4025,8.188080415307845e-09,0.3762153655226369,8.188080415307844
0.405,8.231910544852923e-09,0.37822921582348135,8.231910544852923
0.40750000000000003,8.27561372815404e-09,0.3802372333619259,8.27561372815404
0.41000000000000003,8.319189291254048e-09,0.3822393871718562,8.319189291254048
0.41250000000000003,8.36263656216386e-09,0.3842356463775838,8.36263656216386
0.41500000000000004,8.405954870872812e-09,0.3862259801943222,8.405954870872812
0.4175,8.449143549358992e-09,0.38821035792866165,8.449143549358991
0.42,8.492201931599552e-09,0.39018874897904277,8.492201931599553
0.4225,8.53512935358098e-09,0.39216112283622845,8.53512935358098
0.425,8.577925153309316e-09,0.3941274490837735,8.577925153309316
0.4275,8.62058867082039e-09,0.3960876973984948,8.62058867082039
0.43,8.663119248189984e-09,0.39804183755093847,8.663119248189984
0.4325,8.705516229543985e-09,0.39998983940584604,8.705516229543985
0.435,8.74777896106849e-09,0.401931672922619,8.74777896106849
0.4375,8.789906791019899e-09,0.40386730815578237,8.789906791019899
0.44,8.831899069734957e-09,0.40579671525544625,8.831899069734957
0.4425,8.873755149640785e-09,0.4077198644677667,8.873755149640784
0.445,8.915474385264848e-09,0.4096367261354036,8.915474385264847
0.4475,8.957056133244922e-09,0.41154727069797864,8.957056133244922
0.45,8.998499752339019e-09,0.4134514686925315,8.998499752339018
0.4525,9.03980460343526e-09,0.41534929075397325,9.039804603435261
0.455,9.080970049561748e-09,0.41724070761554016,9.080970049561747
0.4575,9.121995455896377e-09,0.41912569010924433,9.121995455896377
0.46,9.16288018977663e-09,0.42100420916632386,9.162880189776631
0.4625,9.203623620709337e-09,0.42287623581769107,9.203623620709337
0.465,9.244225120380389e-09,0.4247417411943793,9.244225120380388
0.4675,9.284684062664437e-09,0.4266006965279879,9.284684062664438
0.47000000000000003,9.324999823634536e-09,0.4284530731511257,9.324999823634537
0.47250000000000003,9.365171781571782e-09,0.43029884249785394,9.365171781571782
0.47500000000000003,9.405199316974887e-09,0.43213797610412585,9.405199316974887
0.47750000000000004,9.445081812569743e-09,0.4339704456082263,9.445081812569743
0.48,9.484818653318924e-09,0.43579622275120833,9.484818653318925
0.4825,9.524409226431196e-09,0.43761527937733014,9.524409226431196
0.485,9.563852921370942e-09,0.4394275874344881,9.563852921370943
0.4875,9.60314912986759e-09,0.44123311897465006,9.60314912986759
0.49,9.642297245924996e-09,0.44303184615428604,9.642297245924997
0.4925,9.681296665830783e-09,0.444823741234798,9.681296665830782
0.495,9.720146788165649e-09,0.44660877658294695,9.720146788165648
0.4975,9.75884701381265e-09,0.4483869246712798,9.75884701381265
0.5,9.797396745966429e-09,0.4501581580785531,9.797396745966429
0.5025000000000001,9.835795390142428e-09,0.4519224494901567,9.835795390142428
0.505,9.874042354186056e-09,0.4536797716985346,9.874042354186056
0.5075000000000001,9.912137048281811e-09,0.45543009760360437,9.912137048281812
0.51,9.950078884962386e-09,0.45717340021317526,9.950078884962386
0.5125,9.98786727911772e-09,0.4589096526433644,9.98786727911772
0.515,1.0025501648004034e-08,0.4606388281190117,10.025501648004033
0.5175,1.0062981411252799e-08,0.462360899974092,10.0629814112528
0.52,1.0100305990879704e-08,0.46407584165212723,10.100305990879704
0.5225,1.0137474811293557e-08,0.46578362670659496,10.137474811293558
0.525,1.0174487299305169e-08,0.4674842288013372,10.174487299305168
0.5275,1.0211342884136184e-08,0.46917762171096583,10.211342884136185
0.53,1.0248040997427897e-08,0.47086377932126744,10.248040997427896
0.5325,1.028458107325e-08,0.47254267562960567,10.28458107325
0.535,1.032096254810932e-08,0.4742142847453227,10.320962548109321
0.5375,1.0357184860958513e-08,0.47587858089013796,10.357184860958514
0.54,1.0393247453204704e-08,0.4775355383985461,10.393247453204705
0.5425,1.0429149768718107e-08,0.47918513171821264,10.429149768718107
0.545,1.0464891253840607e-08,0.48082733541036793,10.464891253840607
0.5475,1.0500471357394284e-08,0.4824621241501994,10.500471357394284
0.55,1.0535889530689933e-08,0.4840894727272426,10.535889530689934
0.5525,1.05711452275355e-08,0.4857093560457691,10.5711452275355
0.555,1.0606237904244534e-08,0.48732174912517445,10.606237904244534
0.5575,1.0641167019644543e-08,0.48892662710036255,10.641167019644543
0.56,1.0675932035085361e-08,0.4905239652221299,10.675932035085362
0.5625,1.0710532414447441e-08,0.4921137388575464,10.71053241444744
0.5650000000000001,1.0744967624150134e-08,0.49369592349033625,10.744967624150135
0.5675,1.0779237133159905e-08,0.4952704947212549,10.779237133159905
0.5700000000000001,1.0813340412998533e-08,0.4968374282684662,10.813340412998533
0.5725,1.0847276937751256e-08,0.49839669996791663,10.847276937751255
0.5750000000000001,1.0881046184074877e-08,0.4999482857737074,10.881046184074878
0.5775,1.0914647631205847e-08,0.5014921617584662,10.914647631205847
0.58,1.0948080760968284e-08,0.5030283041137155,10.948080760968285
0.5825,1.0981345057781967e-08,0.5045566891502397,10.981345057781967
0.585,1.1014440008670289e-08,0.5060772932984507,11.014440008670288
0.5875,1.1047365103268168e-08,0.5075900931087519,11.047365103268168
0.59,1.1080119833829914e-08,0.5090950652518986,11.080119833829915
0.5925,1.1112703695237064e-08,0.5105921865193586,11.112703695237064
0.595,1.1145116185006164e-08,0.5120814338236698,11.145116185006165
0.5975,1.1177356803296529e-08,0.5135627841987966,11.17735680329653
0.6,1.1209425052917941e-08,0.5150362148004839,11.209425052917942
0.6025,1.1241320439338317e-08,0.5165017029066088,11.241320439338317
0.605,1.1273042470691343e-08,0.5179592259175317,11.273042470691342
0.6075,1.1304590657784058e-08,0.5194087613564453,11.304590657784058
0.61,1.1335964514104384e-08,0.5208502868697193,11.335964514104385
0.6125,1.1367163555828652e-08,0.5222837802272478,11.367163555828652
0.615,1.1398187301829036e-08,0.523709219322789,11.398187301829036
0.6175,1.1429035273680998e-08,0.5251265821743093,11.429035273680999
0.62,1.1459706995670653e-08,0.52653584692432,11.459706995670652
0.6225,1.1490201994802103e-08,0.5279369918402154,11.490201994802103
0.625,1.1520519800804738e-08,0.5293299953146074,11.520519800804738
0.6275000000000001,1.1550659946140485e-08,0.5307148358656595,11.550659946140485
0.63,1.1580621966011015e-08,0.5320914921374169,11.580621966011014
0.6325000000000001,1.1610405398364922e-08,0.5334599429001373,11.610405398364922
0.635,1.164000978390483e-08,0.5348201670506169,11.64000978390483
0.6375000000000001,1.1669434666094497e-08,0.5361721436125165,11.669434666094496
0.64,1.1698679591165832e-08,0.537515851736685,11.698679591165831
0.6425,1.1727744108125917e-08,0.5388512707014811,11.727744108125917
0.645,1.1756627768763949e-08,0.5401783799130924,11.756627768763948
0.6475,1.1785330127658146e-08,0.5414971589058529,11.785330127658145
0.65,1.1813850742182627e-08,0.5428075873425593,11.813850742182627
0.6525,1.1842189172514236e-08,0.544109645014784,11.842189172514235
0.655,1.187034498163932e-08,0.5454033118431869,11.87034498163932
0.6575,1.1898317735360476e-08,0.5466885678778254,11.898317735360475
0.66,1.1926107002303233e-08,0.5479653932984612,11.926107002303233
0.6625,1.1953712353922718e-08,0.5492337684148668,11.953712353922718
0.665,1.1981133364510262e-08,0.5504936736671292,11.981133364510262
0.6675,1.2008369611199959e-08,0.5517450896259506,12.008369611199958
0.67,1.203542067397519e-08,0.5529879969929488,12.03542067397519
0.6725,1.2062286135675106e-08,0.5542223766009546,12.062286135675107
0.675,1.2088965582001053e-08,0.5554482094143077,12.088965582001054
0.6775,1.2115458601522967e-08,0.5566654765291495,12.115458601522967
0.68,1.214176478568571e-08,0.5578741591737154,12.14176478568571
0.6825,1.2167883728815379e-08,0.5590742387086236,12.16788372881538
0.685,1.2193815028125564e-08,0.5602656966271633,12.193815028125565
0.6875,1.2219558283723547e-08,0.5614485145555792,12.219558283723547
0.6900000000000001,1.2245113098616487e-08,0.5626226742533561,12.245113098616487
0.6925,1.227047907871752e-08,0.5637881576134987,12.27047907871752
0.6950000000000001,1.2295655832851854e-08,0.5649449466628116,12.295655832851855
0.6975,1.2320642972762797e-08,0.566093023562177,12.320642972762798
0.7000000000000001,1.234544011311774e-08,0.5672323706068286,12.34544011311774
0.7025,1.2370046871514104e-08,0.5683629702266257,12.370046871514104
0.705,1.2394462868485235e-08,0.5694848049863236,12.394462868485235
0.7075,1.2418687727506253e-08,0.5705978575858424,12.418687727506253
0.71,1.2442721074999867e-08,0.571702110860534,12.442721074999866
0.7125,1.2466562540342129e-08,0.5727975477814472,12.46656254034213
0.715,1.2490211755868145e-08,0.5738841514555891,12.490211755868145
0.7175,1.2513668356877762e-08,0.5749619051261874,12.513668356877762
0.72,1.2536931981641173e-08,0.576030792172947,12.536931981641173
0.7225,1.2560002271404504e-08,0.5770907961123072,12.560002271404503
0.725,1.2582878870395347e-08,0.5781419005976961,12.582878870395346
0.7275,1.260556142582825e-08,0.5791840894197823,12.605561425828249
0.73,1.2628049587910145e-08,0.5802173465067249,12.628049587910144
0.7325,1.2650343009845758e-08,0.5812416559244215,12.650343009845757
0.735,1.2672441347842936e-08,0.5822570018767534,12.672441347842936
0.7375,1.269434426111798e-08,0.5832633687058305,12.69434426111798
0.74,1.2716051411900865e-08,0.5842607408922309,12.716051411900866
0.7425,1.2737562465440476e-08,0.5852491030552419,12.737562465440476
0.745,1.2758877090009757e-08,0.5862284399530963,12.758877090009756
0.7475,1.2779994956910828e-08,0.5871987364832075,12.779994956910828
0.75,1.280091574048006e-08,0.5881599776824029,12.80091574048006
0.7525000000000001,1.2821639118093087e-08,0.5891121487271538,12.821639118093087
0.755,1.2842164770169792e-08,0.5900552349338051,12.842164770169791
0.7575000000000001,1.286249238017923e-08,0.5909892217588008,12.86249238017923
0.76,1.2882621634644503e-08,0.5919140947989083,12.882621634644503
0.7625000000000001,1.2902552223147613e-08,0.5928298397914417,12.902552223147612
0.765,1.2922283838334224e-08,0.59373644261448,12.922283838334224
0.7675000000000001,1.2941816175918425e-08,0.5946338892870864,12.941816175918426
0.77,1.2961148934687404e-08,0.5955221659695228,12.961148934687404
0.7725,1.298028181650611e-08,0.5964012589634642,12.980281816506109
0.775,1.2999214526321832e-08,0.5972711547122089,12.999214526321833
0.7775,1.3017946772168766e-08,0.5981318398008885,13.017946772168767
0.78,1.3036478265172507e-08,0.5989833009566738,13.036478265172507
0.7825,1.305480871955451e-08,0.5998255250489811,13.05480871955451
0.785,1.3072937852636492e-08,0.6006584990896727,13.072937852636493
0.7875,1.3090865384844792e-08,0.6014822102332583,13.090865384844792
0.79,1.310859103971469e-08,0.6022966457770934,13.10859103971469
0.7925,1.3126114543894656e-08,0.6031017931615742,13.126114543894657
0.795,1.3143435627150581e-08,0.6038976399703321,13.14343562715058
0.7975,1.3160554022369933e-08,0.6046841739304248,13.160554022369933
0.8,1.3177469465565881e-08,0.6054613829125256,13.177469465565881
0.8025,1.3194181695881364e-08,0.6062292549311105,13.194181695881364
0.805,1.3210690455593122e-08,0.6069877781446433,13.210690455593122
0.8075,1.3226995490115648e-08,0.6077369408557574,13.226995490115648
0.81,1.3243096548005151e-08,0.6084767315114372,13.243096548005152
0.8125,1.3258993380963394e-08,0.6092071387031958,13.258993380963394
0.8150000000000001,1.3274685743841547e-08,0.6099281511672503,13.274685743841548
0.8175,1.3290173394643963e-08,0.6106397577846969,13.290173394643963
0.8200000000000001,1.3305456094531908e-08,0.6113419475816811,13.305456094531909
0.8225,1.3320533607827245e-08,0.6120347097295679,13.320533607827246
0.8250000000000001,1.3335405702016066e-08,0.6127180335451076,13.335405702016066
0.8275,1.3350072147752282e-08,0.6133919084906019,13.350072147752282
0.8300000000000001,1.3364532718861153e-08,0.6140563241740653,13.364532718861152
0.8325,1.337878719234279e-08,0.6147112703493863,13.37878719234279
0.835,1.3392835348375572e-08,0.6153567369164844,13.392835348375572
0.8375,1.3406676970319559e-08,0.6159927139214669,13.406676970319559
0.84,1.3420311844719815e-08,0.6166191915567815,13.420311844719814
0.8425,1.3433739761309712e-08,0.6172361601613681,13.433739761309711
0.845,1.3446960513014163e-08,0.6178436102208076,13.446960513014163
0.8475,1.3459973895952825e-08,0.6184415323674687,13.459973895952825
0.85,1.347277970944323e-08,0.619029917380652,13.47277970944323
0.8525,1.3485377756003895e-08,0.6196087561867331,13.485377756003896
0.855,1.3497767841357358e-08,0.6201780398593012,13.497767841357359
0.8575,1.3509949774433176e-08,0.6207377596192981,13.509949774433176
0.86,1.3521923367370867e-08,0.6212879068351523,13.521923367370867
0.8625,1.3533688435522824e-08,0.6218284730229138,13.533688435522823
0.865,1.3545244797457134e-08,0.6223594498463828,13.545244797457135
0.8675,1.3556592274960403e-08,0.6228808291172399,13.556592274960403
0.87,1.356773069304049e-08,0.6233926027951717,13.56773069304049
0.8725,1.3578659879929213e-08,0.6238947629879953,13.578659879929212
0.875,1.3589379667084985e-08,0.624387301951779,13.589379667084986
0.8775000000000001,1.359988988919543e-08,0.6248702120909629,13.599889889195431
0.88,1.3610190384179918e-08,0.6253434859584751,13.610190384179917
0.8825000000000001,1.362028099319208e-08,0.6258071162558472,13.620280993192079
0.885,1.3630161560622235e-08,0.6262610958333263,13.630161560622234
0.8875000000000001,1.3639831934099817e-08,0.6267054176899861,13.639831934099817
0.89,1.3649291964495702e-08,0.6271400749738337,13.649291964495701
0.8925000000000001,1.3658541505924514e-08,0.6275650609819159,13.658541505924514
0.895,1.3667580415746887e-08,0.6279803691604229,13.667580415746887
0.8975,1.3676408554571652e-08,0.6283859931047889,13.676408554571651
0.9,1.3685025786257982e-08,0.6287819265597907,13.685025786257983
0.9025,1.3693431977917506e-08,0.6291681634196449,13.693431977917506
0.905,1.370162699991635e-08,0.629544697728101,13.70162699991635
0.9075,1.370961072587714e-08,0.6299115236785344,13.70961072587714
0.91,1.3717383032680941e-08,0.6302686356140351,13.71738303268094
0.9125,1.372494380046917e-08,0.6306160280274954,13.72494380046917
0.915,1.3732292912645432e-08,0.6309536955616943,13.732292912645432
0.9175,1.3739430255877327e-08,0.6312816330093808,13.739430255877327
0.92,1.3746355720098195e-08,0.6315998353133538,13.746355720098194
0.9225,1.3753069198508806e-08,0.6319082975665402,13.753069198508806
0.925,1.3759570587579024e-08,0.6322070150120704,13.759570587579024
0.9275,1.3765859787049385e-08,0.632495983043352,13.765859787049385
0.93,1.377193669993265e-08,0.6327751972041402,13.77193669993265
0.9325,1.3777801232515306e-08,0.6330446531886074,13.777801232515305
0.935,1.3783453294359008e-08,0.633304346841409,13.783453294359008
0.9375,1.3788892798301968e-08,0.6335542741577477,13.788892798301967
0.9400000000000001,1.3794119660460308e-08,0.6337944312834349,13.794119660460307
0.9425,1.3799133800229347e-08,0.6340248145149507,13.799133800229347
0.9450000000000001,1.3803935140284845e-08,0.6342454202995008,13.803935140284846
0.9475,1.3808523606584204e-08,0.634456245235071,13.808523606584204
0.9500000000000001,1.381289912836759e-08,0.63465728607048,13.81289912836759
0.9525,1.3817061638159051e-08,0.6348485397054294,13.817061638159052
0.9550000000000001,1.3821011071767535e-08,0.6350300031905517,13.821011071767535
0.9575,1.3824747368287887e-08,0.6352016737274553,13.824747368287888
0.96,1.3828270470101797e-08,0.6353635486687682,13.828270470101797
0.9625,1.3831580322878674e-08,0.6355156255181786,13.831580322878674
0.965,1.3834676875576492e-08,0.6356579019304732,13.834676875576493
0.9675,1.3837560080442582e-08,0.6357903757115739,13.837560080442582
0.97,1.3840229893014356e-08,0.6359130448185711,13.840229893014357
0.9725,1.3842686272120003e-08,0.6360259073597554,13.842686272120003
0.975,1.3844929179879114e-08,0.6361289615946467,13.844929179879115
0.9775,1.3846958581703283e-08,0.6362222059340213,13.846958581703282
0.98,1.384877444629662e-08,0.6363056389399362,13.84877444629662
0.9825,1.3850376745656246e-08,0.6363792593257511,13.850376745656247
0.985,1.3851765455072726e-08,0.6364430659561487,13.851765455072726
0.9875,1.3852940553130439e-08,0.6364970578471518,13.85294055313044
0.99,1.385390202170792e-08,0.6365412341661385,13.85390202170792
0.9925,1.3854649845978138e-08,0.6365755942318556,13.854649845978138
0.995,1.3855184014408712e-08,0.6366001375144281,13.855184014408712
0.9975,1.3855504518762108e-08,0.6366148636353683,13.855504518762109
1.0,1.3855611354095751e-08,0.6366197723675814,13.855611354095752
